Province,Address,Station code,Distance from shore,UTM,X,Y,Date,Time,Criteria,MWQI ,Environment,Weather,Sea conditions,Tides,Depth,Sampling depth,Transparency,Floating objects ,Oil or fat on the surface,Color,Odor,Temperature,pH,EC,Salinity,DO,SS,Phosphates - phosphorus,Total ammonia,Nitrate - nitrogen,Total coliforms,Fecal coliform bacteria ,Enterococci bacteria,Ar,Cd,Total Cr,Cr 6+,Au,Pb,Zn,Total Hg,Total petroleum hydrocarbons
ตราด,อ่าวบางเบ้า เกาะช้าง,Tdbb1,10,48P,205208,1333142,4/7/2023,9.3,พอใช้,80,ชายฝั่งมีชุมชนร้านค้า/ที่พักรีสอร์ท  ชายหาดมีขยะเล้กน้อย ,แดดจัด ไม่มีฝน เมฆบางส่วน,ทะเลเรียบ,น้ำลง,1,0.3,0.5,ใม่มี,,เขียวใส,,31.1,7.23,51.2,29.6,6.11,2.4,1.91,103,19,330,270,68,2.4,,,,0.6,,3.58,,0.64
ตราด,หาดไก่แบ้ เกาะช้าง,Tdkb0,10,48P,204403,1335051,4/7/2023,12.1,ดี,86, ชายหาดท่องเที่ยว ชายหาดสะอาดไม่มีขยะ  น้ำทะเลใส มีรีสอร์ท(ประมาณ 5060 หลัง),แดดไม่จัด ไม่มีฝน เมฆปานกลาง,ทะเลเรียบ,น้ำลง,1,0.3,0.5,,,เขียวอ่อนใส,,31.1,7.33,48.3,27.7,5.57,10.3,2.64,121,13.9,5.6,9,54,,,,,< 0.500,,9.35,,
ตราด,หาดคลองพร้าว เกาะช้าง,Tdkp0,10,48P,202725,1340146,4/7/2023,11,พอใช้,80,ชายหาดท่องเที่ยว ชายฝั่งมีชุมชน/ที่พัก/ร้านค้า/ร้านอาหาร ชายหาดสะอาดไม่มีขยะ มีนักท่องเที่ยว(ชาวต่างชาติ+ว่ายน้ำ) น้ำทะเลใส มีร่องระบายน้ำฝนไหลลงหน้าหาด น้ำทะเลสีเขียวใส,แดดจัด ไม่มีฝน เมฆปานกลาง,ทะเลเรียบ,น้ำลง,1,0.3,1,,,เขียวใส,,31.7,7.3,50.5,28.8,5.57,8.7,1.47,114,34.2,21,32,11,,,,,< 0.500,,5.81,,
ตราด,หาดทรายขาว เกาะช้าง,Tdsk0,100,48P,214117,1326804,4/7/2023,12.2,พอใช้,72,ท่าเรือโดยสารบ้านสลักเพชร มีเรือประมงขนาดกลางจอดเทียบท่าหลายลำ บริเวณพื้นที่มีลักษณะเป็นอ่าว (เก็บช่วงเวลาน้ำตื้นมาก) ,แดดไม่จัด ไม่มีฝน เมฆปานกลาง,ทะเลเรียบ,น้ำลง,0.5,0.3,0.5,,,น้ำตาล,,31.9,7.32,51.1,29,5.73,25.9,3.89,128,21.9,790,300,105,,,,,< 0.500,,4.67,,0.61
ตราด,อ่าวสลักเพชร เกาะช้าง,Tdsp1,100,48P,207770,1324381,4/7/2023,8.15,พอใช้,76,ท่าเรือโดยสารบ้านบางเบ้า มีร้านค้าตั้งอยู่ในทะเลตามแนวทางเดินไปปลายท่า (มีร้านค้า/ร้านอาหาร/ที่พัก)บริเวณปลายท่ามีเรือโดยสารขนาดใหญ่จอดเทียบท่าหลายลำ น้ำทะเลเขียวเข้มใส,  แดดไม่จัด ไม่มีฝน เมฆปานกลาง,ทะเลเรียบ,น้ำลง,3.3,"1, 2",2.5,ปลาตายหลายตัว,,เขียวเข้มใส,,30.35,7.37,50.24,29.4,5.12,36.7,2.5,125,6.1,330,160,74,,,,,0.8,0.79,5.35,,0.75
ตราด,แหลมงอบ ระยะ 10 เมตร,Tdlg0,10,48P,216190,1346761,5/7/2023,6.1,พอใช้,69,สะพานท่าเทียบเรือประมง มีห้องน้ำสาธารณะบนสะพาน ,ไม่มีแดด ไม่มีฝน เมฆบางส่วน,ทะเลเรียบ,น้ำลง,0.5,0.3,0.5,ใม่มี,,น้ำตาล,,29.8,7.32,45.8,26.8,4.95,19.6,7.49,168,27.8,490,450,440,,,,,< 0.500,,3.46,,0.89
ตราด,แหลมงอบ ระยะ 500 เมตร,Tdlg5,500,48P,215968,1346406,5/7/2023,6.4,ดี,81,ชายฝั่งเป็นชุมชน/บ้านเรือนตั้งอยู่ริมน้ำ(ในทะเล)อยู่หนาแน่น  มีร้านอาหารและห้องสุขาอยู่บนสะพานท่าเรือใกล้ฝั่ง บริเวณปลายท่าเรือมีเรือประมงขนาดใหญ่จอดเทียบท่า ,แดดไม่จัด ไม่มีฝน เมฆบางส่วน,ทะเลเรียบ,น้ำลง,3.3,"1, 2",2,ใม่มี,,เขียว,,30,7.39,45.9,26.75,5.14,3.9,5.14,132,4.9,5.5,68,31,,,,,< 0.500,,4.64,,
ตราด,ปากแม่น้ำตราด,TdMt5,500,48P,236565,1345278,5/7/2023,8,พอใช้,64,บริเวณปากแม่น้ำตราด เป็นท่าเรือประมง สภาพพื้นที่ริมฝั่งแม่น้ำทั่งสองฝั่งเป็นป่าชายแลน มีการเลี้ยงหอยแมลภู่ (มากขึ้น),แดดจัด ไม่มีฝน ไม่มีเมฆ,ทะเลเรียบ,น้ำลง,4.1,"1, 3",0.3,,,น้ำตาลขุ่น,,29.3,6.22,1.79,0.8,4.89,36.5,13.4,106,102,790,320,160,,,,,0.9,,4.49,,
ตราด,ท่าเรือแหลมศอก,Tdls0,10,48P,237052,1332572,5/7/2023,9,ดี,82,ท่าเรือโดยสารแหลมศอกข้ามฟากไปเกาะกูด น้ำทะเลสีน้ำตาลขุ่นมีตะกอน (น้ำตื้น) ชายฝั่งมีศาลานั่งพักผ่อน มีร้านอาหาร 1 ร้าน ปลายท่ามีเรือ 1 ลำ,แดดจัด ไม่มีฝน เมฆบางส่วน,ทะเลเรียบ,น้ำลง,0.5,0.3,0.5,,,น้ำตาลขุ่น,,25.3,7.13,44.1,25.3,5.28,15.5,4.55,131,19.4,< 1.8,3,13,,,,,0.5,,3.99,,0.58
ตราด,ปากคลองใหญ่,Tdky1,100,48P,267572,1303812,6/7/2023,6,พอใช้,68,ท่าเทียบเรือประมง ชายฝั่งมีอู่ซ่อมเรือ กำลังซ่อมเรือประมง ชายฝั่งมีชุมชนประมงริมฝั่งทะเล น้ำทะเลขุ่น ,ไม่มีแดด ไม่มีฝน เมฆปานกลาง,ทะเลเรียบ,น้ำลง,1,0.3,0.3,,,น้ำตาลขุ่น,,30.8,7.21,47.3,27.2,4.9,70.4,8.81,145,13.8,790,220,110,< 1.00,,< 1.00,,1,0.9,3.06,,0.42
จันทบุรี,ปากแม่น้ำเวฬุ,CtMw5,500,47P,813057,1392861,7/7/2023,6.2,พอใช้,70,สภาพพื้นที่เป็นอ่าว มีศูนย์สาธิตการเพาะเลี้ยงสัตว์น้ำทะเลของศูนย์ศึกษาการพัฒนาอ่าวคุ้งกระเบน บริเวณรอบอ่าวมีรีสอร์ท (น้อย),แดดไม่จัด ไม่มีฝน เมฆมาก,คลื่นปานกลาง,น้ำลง,6,"1, 3, 5",3.5,,,เขียวเข้มใส,,30.87,7.47,49.5,28.6,5.89,128,13.1,145,42.2,13,15,31,< 1.00,,< 1.00,,0.9,1.54,8.58,,0.52
จันทบุรี,ปากแม่น้ำจันทบุรี,Ctmc5,500,48P,180729,1380029,7/7/2023,9,ดี,81, ปากแม่น้ำมีการเพาะเลี้ยงหอยค่อนข้างหน่าแน่น ชายฝั่งมีท่าเรือประมงมีเรือประมงขนาดใหญ่/กลางจอดเทียบท่าหลายลำ โดยรอบเป็นหาดท่องเที่ยวแหลมสิงห์ มีร้านค้า/อาหาร มีชุมชน มีวัด และมีรีสอร์ท/ที่พัก,แดดไม่จัด ไม่มีฝน เมฆมาก,คลื่นปานกลาง,น้ำลง,5.2,"1, 4",1.5,,,น้ำตาลเขียว,,30.9,7.34,47.95,27.6,3.67,5.7,4.85,137,11.9,22,10,18,,,,,0.5,0.54,4.21,,0.29
จันทบุรี,หาดแหลมเสด็จ ,Ctld0,500,48P,201428,1361355,6/7/2023,8.3,พอใช้,74,บริเวณปากแม่น้ำเวฬุ น้ำทะเลเป็นสีน้ำตาล มีป่าชายเลน บนผิวน้ำพบคราบสีน้ำตาลลอยอยู่ (ขี้ปลาวาฬ),แดดไม่จัด ไม่มีฝน เมฆปานกลาง,คลื่นน้อย,น้ำลง,9,"1, 4.5, 8",0.3,,,น้ำตาลขุ่น,,30.67,7.25,43.84,25.1,4.76,4.4,1.32,414,9.1,2,2,3,,,,,< 0.500,< 0.500,3.77,,0.26
จันทบุรี,อ่าวคุ้งกระเบน,Ctak5,10,47P,814517,1391561,7/7/2023,7.2,ดี,82,ชายหาดท่องเที่ยว พบขยะริมหาดขยะเล็กน้อย คาดมาจากนักท่องเที่ยว ชายหาดมีแนวกั้นคลื่น (แลลขั้นบันได) ตลอดแนวหาด ชายฝั่งมีต้นสนตลอดแนวหาด มีจุดสูบบุหรี่ ไม่มีร้านค้า/ร้านอาหารริมหาด, แดดไม่จัด ฝนตกเล็กน้อย เมฆมาก,ทะเลเรียบ,น้ำลง,1,0.5,1,,,เขียวใส,,31.1,7.38,48.76,28,5.74,7.5,2.5,152,9.1,2,< 1,1,,,,,< 0.500,1,4.42,,0.24
ระยอง,ปากแม่น้ำพังราด,Rymp5,500,47P,801868,1403964,30/06/2023,7,พอใช้,69,ชายฝั่งมีท่าเรือประมงหลายท่า ก่อนออกปากแม่น้ำมีเพาะเลี้ยงหอยบางส่วน,ไม่มีแดด ไม่มีฝน เมฆมาก,คลื่นปานกลาง,น้ำลง,1.6,1,0.5,,,น้ำตาลอ่อน,,31.6,7.56,43.75,24.6,5.15,15.5,15.7,180,76.3,130,54,150,,,,,0.8,< 0.500,3.52,,0.74
ระยอง,ปากแม่น้ำประแสร์,Ryms5,500,47P,793734,1404030,29/06/2023,7.35,พอใช้,76,ชายฝั่งมีชุมชนนาแน่นติดแม่น้ำ มีท่าเรือประมงหลายท่า,ไม่มีแดด ไม่มีฝน เมฆปานกลาง,คลื่นน้อย,น้ำลง,2.9,"1, 2",1.5,,,เขียวอ่อน,,31.35,7.61,41.48,23.25,4.4,4.8,19.1,244,16.2,110,50,36,,,,,1.1,,14.1,,1.21
ระยอง,หาดแหลมแม่พิมพ์,Rylm0,10,47P,726838,1402132,23/06/2023,9.2,ดี,84, พบขยะตกค้างบนหาดค่อนข้างน้อย ไม่มีนักท่องเที่ยว มีร้านอาหารถาวร 34 ร้าน,แดดจัด ไม่มีฝน เมฆบางส่วน,ทะเลเรียบ,น้ำลง,1,0.3,0.3,,,น้ำตาลเขียว,,31.5,7.44,30.7,53.4,6.18,9.5,4.7,129,2.1,2,41,9,,,,,0.6,,3.51,,0.83
ระยอง,ปากคลองแกลง,Rykk5,100,47P,737490,1401338,23/06/2023,11,พอใช้,80,หาดสุชาดาอยูใกล้พื้นที่มาบตาพุด ริมฝั่ง(บนหาด)มีกลุ่มชุมชนประมงเรือเล็ก มีอุปกรณ์หาปลา บนหาดพบขยะตกค้าง,แดดจัด ไม่มีฝน  เมฆบางส่วน,คลื่นน้อย,น้ำลง,2.2,1,1,,,เขียวอ่อน,,32.5,7.21,53.9,30.5,6.73,3.1,11,135,8.6,240,31,52,,,,,< 0.500,,2.95,,0.61
ระยอง,สวนรุกขชาติเพ,Rybg0,500,47P,747664,1399280,27/06/2023,8.3,ดี,83,ปากแม่น้ำระยอง น้ำทะเลเขียวอ่อน ชายฝั่งมีชุมชนประมง/เรือจอดเทียบท่าหลายลำ พบขยะในน้ำบริเวณใกล้ฝั่ง  ,แดดไม่จัด ไม่มีฝน เมฆบางส่วน,คลื่นน้อย,น้ำลง,8.8,"1, 4.5, 7.5",2.5,,,เขียวอ่อน,,30.93,7.54,52.5,30.47,5.88,4.7,4.85,135,6.8,< 1.8,2,3,,,,,0.6,,2.09,,0.71
ระยอง,ตลาดบ้านเพ,Ryfp1,10,47P,762058,1393478,27/06/2023,9.3,พอใช้,57,มีนักท่องเที่ยวเล่นน้ำ  ริมหาดมีร้านค้าอาหารมีเตียงนั่งพักผ่อน ขยะริมชายหาดเล็กน้อย,แดดไม่จัด ไม่มีฝน เมฆบางส่วน,คลื่นน้อย,น้ำลง,1,1,1,,,ฟ้า,,31,8.32,52.7,30.6,6.32,32.6,6.9,204,5.1,2400,150,100,,,,,0.7,< 0.500,5.18,,
ระยอง,หาดทรายแก้ว ระยะ 10 เมตร เกาะเสม็ด,Rysk0,100,47P,764075,1396153,27/06/2023,10.05,ดี,86,ชายฝั่งเป็นชุมชนหนาแน่น ตลาดบ้านเพ ร้านค้า ร้านอาหาร มีชุมชนตั้งอยู่ริมฝั่ง(ในทะเล)หนาแน่น ,แดดไม่จัด ไม่มีฝน  เมฆบางส่วน,ทะเลเรียบ,น้ำลง,0.5,0.5,0.5,"ถุงพลาสติก,ขวดแก้ว ประมาณ 10 ชิ้น",,เขียวอ่อน,,31.8,7.51,53.6,30.6,5.73,1.1,1.03,124,1.4,< 1.8,< 1,< 1,,,,,< 0.500,,1.87,,0.37
ระยอง,หาดทรายแก้ว ระยะ 100 เมตร เกาะเสม็ด,Rysk1,10,47P,768813,1397809,27/06/2023,10.3,ดี,85,ชายหาดมีร่มสนาม/เตียงผ้าใบ มีร้านค้าอาหาร ริมถนนตามแนวหาดมีต บนหาดพบขยะจำนวนมาก,แดดไม่จัด ไม่มีฝน  เมฆบางส่วน,คลื่นน้อย,น้ำลง,1,1,1,,,ฟ้า,,32.1,7.81,54.2,30.8,6.03,1.6,< 1.00,120,4.3,< 1.8,< 1,< 1,< 1.00,,,,< 0.500,< 0.500,4.67,,
ระยอง,ท่าเรือหน้าด่าน เกาะเสม็ด,Ryfn0,10,47P,767677,1390383,26/06/2023,10.35,ดี,86,หาดท่องเที่ยว มีนักท่องเที่ยวเล่นน้ำ มีเรือท่องเที่ยวจอด,แดดจัด ไม่มีฝน  เมฆบางส่วน,คลื่นน้อย,น้ำลง,1,1,1,,,ฟ้า,,30.9,7.68,53.4,31.1,5.61,2.5,2.06,108,12,11,13,46,,,,,< 0.500,,3.64,,0.44
ระยอง,อ่าวไผ่ ระยะ 10 เมตร เกาะเสม็ด,Ryop0,100,47P,767711,1390328,26/06/2023,10.5,ดี,86,หาดท่องเที่ยว ,แดดจัด ไม่มีฝน  เมฆบางส่วน,คลื่นน้อย,น้ำลง,6.1,"1, 3, 5",5,,,ฟ้า,,30.7,7.51,53.07,30.97,5.43,1.7,1.17,148,2.9,2,< 1,2,,,,,< 0.500,,3.14,,0.31
ระยอง,อ่าวไผ่ ระยะ 10 เมตร เกาะเสม็ด,Ryop1,10,47P,767699,1391317,26/06/2023,10.2,ดี,85,ท่าเรือโดยสาร มีเรือจอดเทียบท่าเล็กน้อย มีขยะริมชายหาดเล็กน้อย,แดดจัด ไม่มีฝน  เมฆบางส่วน,ทะเลเรียบ,น้ำลง,1,1,1,,,ฟ้าอ่อน,,31.4,7.53,53.6,30.9,5.29,1.3,1.03,111,1.7,< 1.8,< 1,< 1,,,,,< 0.500,,3.81,,
ระยอง,อ่าวทับทิม ระยะ 10 เมตร เกาะเสม็ด,Ryot0,10,47P,767093,1390141,26/06/2023,11.05,ดี,82,หาดท่องเที่ยว มีนักท่องเที่ยวเล่นน้ำ ,แดดจัด ไม่มีฝน  เมฆบางส่วน,คลื่นน้อย,น้ำลง,1,1,1,,,ฟ้า,,31.4,7.49,53.6,30.9,5.08,1.9,1.32,216,2.7,< 1.8,< 1,< 1,,,,,< 0.500,,3.16,,0.34
ระยอง,อ่าวทับทิม ระยะ 100 เมตร เกาะเสม็ด,Ryot1,100,47P,767130,1390062,26/06/2023,11.15,ดี,86,หาดท่องเที่ยว ,แดดจัด ไม่มีฝน  เมฆบางส่วน,คลื่นน้อย,น้ำลง,4.3,"1, 3",4.3,,,ฟ้า,,30.85,7.55,53.15,31,5.16,1.3,,112,1.8,< 1.8,< 1,< 1,< 1.00,,,,< 0.500,,2.97,,
ระยอง,อ่าวพร้าว ระยะ 10 เมตร เกาะเสม็ด,Ryph0,10,47P,766859,1389866,26/06/2023,11.25,ดี,83,หาดท่องเที่ยว มีนักท่องเที่ยวเล่นน้ำ ,แดดจัด ไม่มีฝน  เมฆบางส่วน,คลื่นน้อย,น้ำลง,1,1,1,,,ฟ้า,,31.2,7.5,53.5,31,5.25,1.4,,123,39,< 1.8,< 1,25,,,,,< 0.500,,4.89,,0.84
ระยอง,อ่าวพร้าว ระยะ 500 เมตร เกาะเสม็ด,Ryph5,100,47P,766933,1389828,26/06/2023,11.35,ดี,85,หาดท่องเที่ยว,แดดจัด ไม่มีฝน  เมฆบางส่วน,คลื่นน้อย,น้ำลง,5.6,"1, 4",4,,,ฟ้า,,30.85,7.49,53.15,30.95,5.41,1.7,,101,2.6,< 1.8,< 1,13,,,,,< 0.500,,3.14,,
ระยอง,เกาะกุฏี ทิศตะวันตก,Rygd1,10,47P,766098,1390910,26/06/2023,10,ดี,85,มีนักท่องเที่ยวบริเวณชายหาด,แดดจัด ไม่มีฝน  เมฆบางส่วน,คลื่นน้อย,น้ำลง,1,1,1,ขวดแก้ว 1 ขวด,,ฟ้าอมเขียว,,31.2,7.51,53.3,30.9,5.73,< 1.0,,132,1.7,< 1.8,< 1,1,,,,,< 0.500,,3,,0.69
ระยอง,เกาะกุฏี ทิศเหนือ,Rygd1.1,500,47P,765643,1390777,26/06/2023,9.45,ดี,85,หาดท่องเที่ยว,แดดจัด ไม่มีฝน  เมฆบางส่วน,คลื่นน้อย,น้ำลง,8,"1, 4, 7.5",6,,,ฟ้าอมเขียว,,31.03,7.42,53.03,30.73,6.02,< 1.0,< 1.00,125,1.2,< 1.8,< 1,< 1,,,,,< 0.500,,2.76,,0.34
ระยอง,หาดแม่รำพึง,Ryrp0,50,47P,772630,1392046,26/06/2023,11.55,ดี,85,มีนักท่องเที่ยวดำน้ำ,แดดจัด ไม่มีฝน  เมฆบางส่วน,คลื่นน้อย,น้ำลง,5.1,"1, 4",5,,,ฟ้า,,31.25,7.49,53.05,30.6,5.41,4.4,6.75,105,5.5,< 1.8,2,5,,,,,0.8,,6.01,,0.69
ระยอง,ปากแม่น้ำระยอง,Rymr5,50,47P,772863,1392688,26/06/2023,12.05,พอใช้,60,มีนักท่องเที่ยวบริเวณชายหาด,แดดจัด ไม่มีฝน  เมฆบางส่วน,คลื่นน้อย,น้ำลง,3.1,"1,2",3.1,,,ฟ้า,,31.15,7.47,52.4,30.3,5.67,4.3,6.75,116,5.8,7900,1000,90,,,,,0.6,,4.32,,0.96
ระยอง,หาดสุชาดา ,Rysc1,500,47P,771944,1396921,28/06/2023,7,ดี,84,บริเวณปากคลองแกลง ,แดดไม่จัด ไม่มีฝน เมฆบางส่วน,คลื่นน้อย,น้ำลง,5.9,"1, 4.5",2,,,ฟ้า,,30.95,7.82,52.7,30.65,5.85,10,14.8,101,3.7,33,15,31,,,,,< 0.500,,3.32,,0.44
ระยอง,หาดน้ำริน,Rynr0,10,47P,785714,1399378,28/06/2023,6,ดี,82,ขยะริมชายหาดปานกลาง เรือประมงจอดริมชายหาด,ไม่มีแดด ไม่มีฝน เมฆบางส่วน,คลื่นน้อย,น้ำลง,1,1,1,,,ฟ้า,,30,7.47,49.9,29.3,5.7,38.3,20.4,134,6.5,49,44,17,,,,,< 0.500,< 0.500,4.62,,0.82
ระยอง,หาดพยูน,Rypy0,10,47P,724606,1402065,23/06/2023,10,ดี,81,หาดท่องเที่ยว  ตามแนวหาดมีร้านค้าอาหา มีเตียงผ้าใบ/และแสลนกันแดด หน้าหาดมีชุมชนประมงเรือเล็ก กำลังก่อสร้างทางขึ้นลงเรือ มีเรือประมงขนาดเล็กจอดเกย และจอดลอยลำบริเวณทะเลรอบๆพบขยะตกค้างบนหาด,แดดจัด ไม่มีฝน ไม่มีเมฆ,คลื่นน้อย,น้ำลง,1,0.3,0.5,,,น้ำตาลเขียว,,31.6,7.34,53.7,30.9,5.85,16,11.2,148,4.8,49,31,2,,,,,< 0.500,,4.36,,0.59
ชลบุรี,ช่องแสมสาร,Cbss1,100,47P,713805,1478999,7/9/2023,6.15,ดี,87,เป็นชุมชนหนาแน่น (เมืองชลบุรี) มีคลองระบายน้ำจากฝั่ง มีท่าเทียบเรือประง (ท่าเรือพลี) เรือประมงจอดเทีนยท่าหลายลำ ,แดดไม่จัด ไม่มีฝน เมฆปานกลาง,ทะเลเรียบ,น้ำลง,1,0.5,0.5,ถุงพลาสติก,,น้ำตาล,,31.6,7.43,46.5,26.3,3.3,1.9,1.03,95,5.7,< 1.8,12,1,,,,,< 0.500,< 0.500,4.81,< 0.010,2.46
ชลบุรี,ท่าเรือสัตหีบ,Cbsh1,500,47P,713352,1479033,7/9/2023,6.35,พอใช้,55,มีการเลี้ยงหอยนางรมจำนวนมาก (เสาไม้ไผ่) ครอบคลุมพื้นที่บริเวณกว้าง,แดดไม่จัด ไม่มีฝน เมฆปานกลาง,ทะเลเรียบ,น้ำลง,1.7,1,0.7,ใม่มี,,น้ำตาล,,31.5,7.5,47.36,26.9,3.82,2.8,10.1,202,10.5,7900,5600,1600,,,,,< 0.500,,7.01,,0.36
ชลบุรี,หาดจอมเทียน ,Cbjt0,100,47P,708147,1475095,21/06/2023,6.2,พอใช้,73,มีท่าเทียบเรือประมง/มีเรือจอดเทียบท่าหลายลำ ชายฝั่งมีตลาดอ่างศิลาขายอาหารทะเลสด/แห้ง มีร้านค้า ตลาดชุมชน บริเวณริมฝั่งพบเปลือกหอยนำมาถมริมฝั่งเป็นจำนวนมาก,ไม่มีแดด ไม่มีฝน เมฆมาก,คลื่นน้อย,น้ำลง,1.7,0.85,1,ถุงพลาสติก เศษเชือก ขวดแก้ว,,เขียว,,30.6,7.43,40.5,28.5,5.14,14,25.8,275,18.5,490,400,280,,,,,0.5,0.56,6.62,,0.69
ชลบุรี,ท่าเรือหน้าบ้าน เกาะล้าน,Cbpk1,500,47P,707617,1475093,21/06/2023,6,ดี,83,มีฟาร์มหอยนางรมหนาแน่น (ปักเสาไม้ไผ่)  ครอบคลุมพื้นที่บริเวณกว้าง,ไม่มีแดด ไม่มีฝน เมฆมาก,คลื่นน้อย,น้ำลง,3.8,"1, 2.5",1.5,เศษเชือก ขวดพลาสติก,,เขียว,,30.3,7.29,48.5,28.25,4.88,2.3,< 1.00,106,8.7,240,7,2100,,,,,,0.55,6.56,,
ชลบุรี,หาดตาแหวน เกาะล้าน,Cbtw0,10,47P,707354,1469060,14/06/2023,6.2,ดี,87,เป็นชายหาดท่องเที่ยว มีเตียงนั่งและร่มสนาม มีร้านอาหารชั่วคราวตลอดแนวหาด บนหาดมีขยะมูลฝอย น้ำทะเลมีลักษณะสีน้ำตาลขุ่น มีตะกอน ชายฝั่งมีโรงแรม มีร้านอาหาร ,ฟ้าครึ้ม ไม่มีฝน เมฆมาก,คลื่นจัด,น้ำลง,1,0.3,0.1,,,น้ำตาลขุ่น,,28.9,7.34,49.8,30,5.61,2,< 1.00,106,11.7,3.7,< 1,2,,,1.97,,< 0.500,< 0.500,6.69,,0.52
ชลบุรี,หาดพัทยาตอนใต้,Cbps0,100,47P,706998,1469864,14/06/2023,6.4,พอใช้,60,เป็นชายหาดท่องเที่ยว มีเตียงนั่งและร่มสนาม มีร้านอาหารชั่วคราวตลอดแนวหาด บนหาดมีขยะมูลฝอย น้ำทะเลใส,ฟ้าครึ้ม ไม่มีฝน เมฆมาก,คลื่นจัด,น้ำลง,1,0.3,0.3,,,น้ำตาลเขียว,,29.1,7.31,50.7,30.4,5.44,27,3.82,428,6.1,1400,2100,300,,,,,1.4,0.68,14.7,< 0.010,1.6
ชลบุรี,หาดพัทยาตอนกลาง ,Cbpc0,100,47P,709384,1461198,15/06/2023,6.1,ดี,81,มีท่าเทียบเรือประมง มีเรือประมงขนาดเล็กจำนวณมาก บริเวณชายฝั่งมีร้านอาหาร มีชุมชน ถัดออกไปไกลฝั่งในทะเลมีกระชังเลี้ยงหอย ,ไม่มีแดด ไม่มีฝน เมฆมาก,คลื่นน้อย,น้ำลง,0.4,0.3,0.3,เรือประมง,,น้ำตาลเขียว,,29.4,7.46,48.8,39,5.08,23.7,4.7,188,3.3,4,4,26,,,,,1,0.54,5.23,,0.63
ชลบุรี,หาดพัทยาตอนเหนือ,Cbpn0,100,47P,696500,1455628,20/06/2023,8,พอใช้,80,เป็นท่าเรือโดยสาร มีเรือโดยสาร/เรือประมงจอดเทียบท่าหลายลำ) น้ำทะเลเขียวใส ชายฝั่งเป็นชุมชนหนาแน่น  ,แดดจัด ไม่มีฝน ไม่มีเมฆ,ทะเลเรียบ,น้ำลง,2,1,2,,,เขียวใส,,30.7,7.37,50.8,29.5,4.75,23,5.73,194,20.4,22,18,18,,,,,0.9,,8.08,,0.72
ชลบุรี,ตลาดนาเกลือ,Cbnm1,100,47P,697053,1454531,19/06/2023,8.4,พอใช้,58,ชายฝั่งเป็นสถานที่ท่องเที่ยวพระราชวัง ร.5 มีสะพานยื่นยาวไปในทะเล ริมฝั่งพบขยะตกค้าง (น้ำตื้น),แดดไม่จัด  ไม่มีฝน  เมฆมาก,ทะเลเรียบ,น้ำลง,0.8,0.3,0.8,,,เขียวใส,,30.4,7.2,51.6,30.2,5.53,193,36.9,317,17.8,130,20,40,< 1.00,,< 1.00,,4,3.52,14.1,,1.21
ชลบุรี,แหลมฉบัง ตอนใต้,Cblb1.3,10,47P,695830,1453960,15/06/2023,9.2,เสื่อมโทรม,36,ชายฝั่งมีโรงเเรม 1 แห่ง ริมหาดมีร้านอาหาร+เตียงผ้าใบ+ร่มสนาม บนหาดพบขยะค่อนข้างมาก มีกิจกรรมพายเรือ+เล่นน้ำ น้ำทะเลเขียวใส,แดดจัด  ไม่มีฝน  เมฆปานกลาง,คลื่นน้อย,น้ำลง,1,0.5,1,,,เขียวใส,,30.9,7.17,52.1,30.2,5.88,20.9,81.6,972,28,92000,29000,2800,,,,,1.1,< 0.500,5.06,< 0.010,0.66
ชลบุรี,ท่าเรือแหลมฉบัง ระยะ 100 เมตร,Cblb1.2,100,47P,408489,145712,15/06/2023,7.1,พอใช้,79,สะพานท่าเรือเกาะลอย มีเรือประมง/ มีเรือโดยสารจอดเทียบท่า ชายฝั่งเป็นชุมชนหนาแน่น (เมืองศรีราชา) ใกล้มีท่อระบายน้ำทิ้ง,แดดไม่จัด ไม่มีฝน เมฆมาก,คลื่นน้อย,น้ำลง,0.6,0.3,0.4,ขยะเล็กน้อย เรือสินค้า ประมง ปลาตาย,,น้ำตาลเขียว,,29.4,7.23,48.34,28.7,3.78,9.9,13.7,185,24.6,7.8,< 1,2,,,,,1.4,0.69,10.7,,
ชลบุรี,ท่าเรือแหลมฉบัง ระยะ 500 เมตร,Cblb5,100,47P,705648,1451604,15/06/2023,8,ดี,81,ชานยฝั่งมีร้านอาหาร สิ่งปลูกสร้าง บริเวณน้ำทะเลชายฝั่งมีเรือโดยสาร มีการก่อสร้าง (เรือก่อสร้าง) บริเวณชายฝั่ง,ไม่มีแดด ไม่มีฝน เมฆมาก ,คลื่นน้อย,น้ำลง,0.7,0.3,0.5,เรือโดยสาร เรือประมง,,น้ำตาลเขียว,,29.6,7.21,50.7,30.2,4.74,4.5,6.9,197,10.1,23,2,8,,,,,0.7,< 0.500,8.21,,0.36
ชลบุรี,แหลมฉบัง ตอนเหนือ,Cblb1.1,100,47P,703161,1445937,19/06/2023,7.2,พอใช้,79,"ใกล้ท่าเทียบเรือน้ำลึกท่าสเรือแหลมฉบัง   ชายฝั่งมีเรือประมงขนาดเล็ก, ใหญ่ จอดเทียบท่าหลายลำ พบคราบน้ำมันบริเวณรอบเรือ พบขยะลอยน้ำใกล้ฝั่ง   เป็นตลาดประมงขายสัตว์ทะเล มีท่อระบายน้ำทิ้งลงทะเล ",ไม่มีแดด ฝนตกเล็กน้อย เมฆมาก,คลื่นน้อย,น้ำลง,12.4,"1, 6, 11",2,,,เขียว,,30.13,7.45,51.87,30.6,5.27,5.8,5.3,178,6.6,33,3,6,,,,,< 0.500,< 0.500,7.82,,0.24
ชลบุรี,อ่าวอุดม,Cbau1,100,47P,705460,1445185,19/06/2023,10,เสื่อมโทรม,47,ท่าเรือเรือแหลงฉบัง B2 ท่าเรือขนถ่ายสินค้าทางเรือขนาดใหญ่ มีกิจกรรมการขนถ่ายสินค้า(ตู้คอนเทนเนอร์) มีเรือสินค้าสัญจร,ไม่มีแดด ไม่มีฝน เมฆบางส่วน,คลื่นเล็กน้อย,น้ำลง,11.3,"1, 5.5, 10",2,,,เขียว,,30.73,7.41,52.53,30.63,5.15,38.6,25.7,465,6.7,4900,3300,300,,,,,2.5,1.05,14.2,,1.65
ชลบุรี,เกาะลอย ศรีราชา,Cbsr1,100,47P,707834,1442033,19/06/2023,6.1,เสื่อมโทรม,40,"ปากคลองบางละมุง ทะเลชายฝั่งรอบนอกมีการเลี้ยงหอย ชายฝั่งเป็นชุมชนประมงเรือเล็ก, พบขยะมูลฝอยลอยตามน้ำออกทะเล น้ำทะเลมีสีน้ำตาลขุ่น ใกล้ชายฝั่งพื้นที่ก่อสร้างท่าเรือแหลมฉบังเฟส 3",ไม่มีแดด ไม่มีฝน เมฆบางส่วน,คลื่นน้อย,น้ำลง,1.2,0.5,0,,,น้ำตาลขุ่น,,30,7.32,26.93,14.9,2.1,33.5,63.1,1165,9.9,">160,000",29000,4300,,,,,2.6,0.62,8.85,,0.6
ชลบุรี,ท่าเรือท่าล่าง เกาะสีชัง ,Cbtl1,500,47P,704485,1444612,19/06/2023,9,พอใช้,80,ปลายท่าเรือแหลงฉบัง B5 มีเรือขนถ่ายสินค้าขนาดใหญ่ มีกิจกรรมการขนถ่ายสินค้า(ตู้คอนเทนเนอร์) ,ไม่มีแดด ฝนตกเล็กน้อย เมฆปานกลาง,คลื่นน้อย,น้ำลง,10.8,"1, 5, 9",2,,,เขียว,,30.13,7.44,51.93,30.63,5.33,4,9.84,151,15.6,220,74,80,,,5.64,,1.5,0.61,8.45,< 0.010,3.05
ชลบุรี,ศาลาอัษฎางด์ เกาะสีชีง ,Cbad1,100,47P,708425,1437585,16/06/2023,9.1,ดี,83,ชายฝั่งวัดจิตตภาวัน มีเลี้ยงหอย บนหาดพบขยะเล็กน้อย,แดดจัด ไม่มีฝน เมฆมาก,คลื่นน้อย,น้ำลง,0.5,0.3,0.1,,,น้ำตาลขุ่น,,30.8,7.3,52,30.2,6.2,2.6,7.78,153,8.7,1.8,5,15,,,4.77,,0.8,< 0.500,6.67,,
ชลบุรี,หาดถ้ำพัง เกาะสีชัง ,Cbtp0,10,47P,704173,1430778,16/06/2023,7.3,ดี,85,หาดท่องเที่ยว (บริเวณเซนทรัลเฟสติวัล) ไม่มีนักท่องเที่ยว มีทุ่นกันโซนสำหรับเล่นน้ำ มีเรือเร็วจอดบิเวณทะเลชายฝั่งรอบๆหลายลำ ,แดดไม่จัด  ไม่มีฝน  เมฆบางปานกลาง,คลื่นน้อย,น้ำลง,1,0.5,0.3,,,เขียว,,29.9,7.39,52,30.8,5.29,6.8,3.67,122,7.7,< 1.8,< 1,12,,,4.04,,< 0.500,< 0.500,4.02,,0.44
ชลบุรี,หาดบางพระ,Cbbp1,10,47P,704428,1431682,16/06/2023,7,พอใช้,51,"หาดท่องเที่ยว (บริเวณพัทยาซอย5) บนหาดมีเตียงผ้าใบ ร่มตามแนวหาด มีแบ่งโซนว่ายน้ำ มีเรือเร็วจอดเทียบชายฝั่งจำนวนมาก บนหาดพบขยะน้อย ชายฝั่งเป็นชุมชนหนาแน่น (เมืองพัทยา) ใกล้โรงแรมที่พักขนาดใหญ่ 3 แห่งมากว่า 200 ห้อง,ร้านค้า/อาหาร หนาแน่น",แดดไม่จัด  ไม่มีฝน  เมฆปานกลาง,คลื่นน้อย,น้ำลง,1,0.5,0.3,,,เขียว,,29.4,7.46,51.1,30.5,5.45,38.6,7.34,326,11.1,3300,4000,530,,,,,1.5,< 0.500,5.28,< 0.010,0.78
ชลบุรี,หาดบางแสน ระยะ 10 เมตร,Cbbs0,10,47P,702702,1429594,16/06/2023,8,เสื่อมโทรม,49,ท่าเรือโดยสารไปเกาะล้าน มีเรือจำนวนมากบริเวณทะเลโดย  มีเรือโดยสารจอดเทียบท่าหลายลำ /มีเร็วจอดเทียบชายหาด จอดลอยลำบริเวณทะเลโดยรอบ,แดดจัด ไม่มีฝน เมฆปานกลาง,คลื่นน้อย,น้ำลง,1,0.3,0.1,,,น้ำตาลเขียว,,30.4,7.29,52.8,31.1,4.84,204,15,493,22,790,1200,700,< 1.00,< 0.500,1.34,,6.9,5.87,21,,0.6
ชลบุรี,หาดบางแสน ระยะ 100 เมตร,Cbbs1,10,47P,692683,1429497,21/06/2023,10.15,พอใช้,73,หาดท่องเที่ยว น้ำทะเลใส บริเวณใกล้เคียงมีท่าเทียบเรือโดยสาร/เรือประมง/เรือเร็ว จอดเทียบท่าหลายลำ มีนักท่องเที่ยวมาก มีกิจกรรมเล่นน้ำมาก มีโซนกั้นสำหรับเล่นน้ำ บนหาดสะอาด บนหาดมีร่ม/เตียงนั่งตามแนวหาด ชายฝั่งริมหาดมีร้านค้าถาวรตลอดแนวหาด,แดดจัด  ไม่มีฝน  เมฆปานกลาง,คลื่นน้อย,น้ำลง,1,0.5,1,,,เขียวใส,,30.6,7.36,52.6,30.9,5.63,20,7.78,328,5.8,240,86,98,,,,,1,0.72,3.93,,
ชลบุรี,อ่างศิลา ระยะ 100 เมตร,Cbas1,100,47P,694168,1429244,21/06/2023,11,พอใช้,68,ท่าเรือโดยสาร มีเรือโดยสารเทียบท่า ( ชายฝั่งเป็นชุมชน ร้านค้า/ที่พักตั้งอยู่ริมทะเล(ในทะเล),แดดจัด ไม่มีฝน เมฆปานกลาง,ทะเลเรียบ,น้ำลง,2.7,1.3,2.7,ขวดพลาสติก ถุงพลาสติก,,เขียวอ่อน,,30.6,7.28,24.67,13.3,6.35,10.8,25.8,143,39.3,790,110,120,,,,,2,0.56,7.42,< 0.010,0.39
ชลบุรี,อ่างศิลา ระยะ 500 เมตร,Cbas5.1,100,47P,706821,1400466,22/06/2023,9.3,พอใช้,75,เก็บสะพานท่าเทียบเรือตำรวจน้ำสัตหีบ บริเวนใกล้เคียงมีคลองระบายน้ำลงทะเล ริมฝั่งพบขยะตกค้าง  ชายฝั่งมีตลาดสด มีชุมชนใกล้เคียงเนชุมชนหนาแน่น (อ.สัตหีบ) มีบ้านเรือน/ร้านค้าตั้งอยู่ริมทะเล(ในทะเล)  มีตลาดท่าเรือประมงหลายท่า ,แดดไม่จัด ไม่มีฝน เมฆบางส่วน,ทะเลเรียบ,น้ำลง,0.5,0.3,0.5,,,เขียวใส,,31,7.3,49.5,28.5,4.38,6,35.4,166,48.3,< 1.8,< 1,9,,,,,0.6,< 0.500,7.69,,
ชลบุรี,อ่าวชลบุรี ระยะ 100 เมตร,Cbcb1,100,47P,712564,1392897,22/06/2023,10.3,เสื่อมโทรมมาก,25,ชายฝั่งเป็นชุมชนแสมสาร มีท่าเทียบเรือประมงหลายท่า/มีชุมชนหนาแน่นตั้งอยู่ริมทะเล (ท่าเรือประทง/ร้านค้า/ร้านอาหาร/ที่พัก)น้ำทะเลเขียวใส ,แดดจัด ไม่มีฝน เมฆบางส่วน,คลื่นน้อย,น้ำลง,23.1,"1, 10, 20",5.5,,,เขียวเข้มใส,,30.73,7.39,52.8,30.87,5.35,14.4,123,512,35,"> 160,000",31000,2100,,,,,1.02,0.68,4.46,,0.3
ชลบุรี,อ่าวชลบุรี ระยะ 500 เมตร,Cbcb5,10,47P,704366,1424509,22/06/2023,7.45,เสื่อมโทรม,41,หาดท่องเที่ยว ชายหาดถมทรายใหม่ บนหาดพบขยะค่อนข้างเยอะ  ใกล้จุดขึ้นลงทะเลของเรือเร็ว   ไม่มีร้านค้าบนหาด ชายฝั่งมีโรงแรมขนาดใหญ่,ฟ้าครึ้ม ฝนตกเล็กน้อย เมฆมาก,ทะเลเรียบ,น้ำลง,1,0.3,0.5,,,น้ำตาล,,29.8,7.58,51.7,30.7,5.58,10.4,74.9,425,45.1,54000,19000,1600,,,< 1.00,,1.39,,3.57,,
ฉะเชิงเทรา,ปากแม่น้ำบางปะกง,Csmb5,500,47P,711460,1488264,14/06/2023,9,เสื่อมโทรม,48,มีเรือสินค้าขนาดใหญ่ จอดลอยอยู่บริเวณกลางแม่น้ำ 45 ลำ,แดดจัด ไม่มีฝน เมฆมาก,คลื่นปานกลาง,น้ำลง,4.5,"1, 3.5",0.3,,,น้ำตาลขุ่น (ตะกอน),,30.35,7.02,45.04,26,4.78,124,113,139,12.9,790,130,460,,,,,2.13,1.75,9.41,,0.64
สมุทรปราการ,โรงงานฟอกย้อม กม. 35,Spdp1,100,47P,675464,1496219,12/6/2023,13,เสื่อมโทรมมาก,12,ท่าเรือมีอู่ซ่อมเรือขนาดใหญ่ (ใกล้จุดเก็บตัวอย่าง) มีเรือจอดซ่อมหลายลำ ชายฝั่งเป็นชุมชนหนาแน่น มีโรงงานย้อมผ้า น้ำทะเลสีน้ำตาลขุ่นมีตะกอน,แดดจัด ไม่มีฝน เมฆมาก,คลื่นน้อย,น้ำลง,0.3,0.3,0.1,ขยะพลาสติก,มี,น้ำตาลขุ่น,,33,7.07,24.05,12.3,4.5,264,172,462,419,92000,100,80,1.44,< 0.500,17,,5.6,4.13,19.2,,1.56
สมุทรปราการ,ปากคลอง 12 ธันวา,Spks1,100,47P,677881,1494953,12/6/2023,12.2,เสื่อมโทรมมาก,16,ชายฝั่งมีชุมชน หนาแน่น มีโรงเรียน วัด และใกล้โรงงานฟอกย้อม มีคลองระบายน้ำ  มีขยะตกค้างที่ริมฝั่ง น้ำทะลสีน้ำตาลขุ่น (ตะกอน) มีเรือประมงจอดบริเวณชายฝั่ง 45 ลำ,แดดจัด ไม่มีฝน เมฆมาก,คลื่นปานกลาง,น้ำลง,0.8,0.4,0.2,,,น้ำตาลขุ่น,,30.7,7.03,33.42,18.5,5.35,69.2,802,1500,2711,">160,000",2800,4500,< 1.00,,8.8,,7.65,1.29,63.2,< 0.010,1.68
สมุทรปราการ,ปากแม่น้ำเจ้าพระยา,Spmc5,500,47P,673055,1497244,12/6/2023,15,เสื่อมโทรม,28,บริเวณปากแม่น้ำเจ้าพระยา ชายฝั่งมีโรงงานอุตสาหกรรม คลื่นลมแรง  ,ฟ้าครึ้ม ฝนตกเล็กน้อย เมฆมาก,คลื่นจัด,น้ำลง,7,"1, 3.5, 6",0.5,,,น้ำตาลเขียว,,30,6.96,29.38,16.33,4.42,18.7,189,158,668,2200,1100,112,,,,,1.48,0.53,14.2,< 0.010,0.58
กรุงเทพมหานคร,บางขุนเทียน,Bkkt5,500,47P,657397,1492634,23/06/2023,9.45,พอใช้,58,มีป่าชายเลนโดยรอบ เรือประมงชายฝั่ง รับน้ำจากคลองขุนราชพินิจใจ,แดดจัด ไม่มีฝน ,คลื่นน้อย,น้ำลง,5,"1,2.5,4",0.5,,,เขียวขุ่น,,32.1,7.13,22.73,21.8,4.74,58.4,40.9,406,61,490,250,86,,,< 1.00,,1.05,< 0.500,4.25,< 0.010,0.53
สมุทรสาคร,ปากแม่น้ำท่าจีน,Ssmt1,100,47P,638489,1493462,5/7/2023,7:12,เสื่อมโทรมมาก,18,บริเวณปากแม่น้ำมีป่าชายเลน มีเรือขนส่งสินค้า ท่าเรือ เรือประมงจอดอยู่บริเวณปากแม่น้ำ,แดดไม่จัด ไม่มีฝน เมฆปานกลาง,คลื่นน้อย,น้ำลง,6,"1,3,5",1,,,น้ำตาลอ่อน,,32.2,7.26,39.25,19.79,0.6,132,165,144,420,4900,5700,2500,< 1.00,,1.46,,4,3.23,21.2,,0.85
สมุทรสงคราม,ปากแม่น้ำแม่กลอง ระยะ 100 เมตร,Skmm1,100,47P,609953,1474918,11/7/2023,11.45,เสื่อมโทรม,41,มีป่าชายเลนอยู่ 2 ข้างของปากแม่น้ำ  มีโรงคลังน้ำมันบริเวณปากแม่น้ำ ภายในเป็นท่าเทียบเรือประมง สะพานปลาและโรงงาน,แดดไม่จัด ไม่มีฝน เมฆบางส่วน,ทะเลเรียบ,น้ำลง,4.8,1 และ 3.8,0.4,,,เขียวอ่อน,,28.2,6.75,28,18.2,4.72,8.7,92.5,197,178,2400,400,300,,,,,0.8,,3.46,,0.82
สมุทรสงคราม,ปากแม่น้ำแม่กลอง ระยะ 500 เมตร,Skmm5,500,47P,610579,1474317,11/7/2023,11.2,เสื่อมโทรม,42,มีป่าชายเลนอยู่ 2 ข้างของปากแม่น้ำ  มีโรงคลังน้ำมันบริเวณปากแม่น้ำ มีประภาคารกลางทะเล มีชุมชนชายฝั่งด้านในของปากแม่น้ำ,แดดไม่จัด ไม่มีฝน เมฆบางส่วน,ทะเลเรียบ,น้ำลง,2.6,1.3,0.4,,,เขียวอ่อน,,28.8,7.02,24.2,14.8,5.42,7,98.4,150,161,2200,510,230,,,,,0.8,,4.15,,
เพชรบุรี,ปากคลองบ้านบางตะบูน ตอนเหนือ,Pbbt5.1,500,47P,603129,1467623,12/7/2023,14,พอใช้,56,มีบ้านเฝ้ากระชังกลางทะเลจำนวนมาก ประภาคาร แนวชายฝั่งเป็นไม้โกงกาง ป่าชายเลน บริเวณใกล้เคียงเป็นแหล่งชุมชนปากคลอง  ,แดดจัด ไม่มีฝน เมฆบางส่วน,ทะเลเรียบ,น้ำลง,5,1 และ 4,1.5,,,เขียวแกมน้ำตาลอ่อน,,30.5,6.73,33.9,31,5.57,35.6,159,98,124,330,104,54,,,,,1.1,0.7,4.27,,
เพชรบุรี,ปากคลองบ้านบางตะบูน ตอนกลาง,Pbbt5.2,500,47P,603360,1467375,12/7/2023,13.3,พอใช้,53,พบทุ่นลอยน้ำ 1 อัน บริเวณริมชายฝั่งเป็นป่าชายเลน มีบ้านเฝ้ากระชังกลางทะเลจำนวนมาก แนวเขตเลี้ยงหอย มีการเลี้ยงหอยแครงในทะเล ,แดดจัด ไม่มีฝน เมฆบางส่วน,ทะเลเรียบ,น้ำลง,3.4,1 และ 2.4,2,,,เขียวแกมน้ำตาลอ่อน,,28.7,6.81,32,19.6,5.76,17.4,160,125,116,330,66,39,,,,,0.8,< 0.500,7.15,,0.53
เพชรบุรี,ปากคลองบ้านบางตะบูน ตอนใต้,Pbbt5.3,500,47P,603486,1467130,12/7/2023,13,พอใช้,58,มีประภาคาร บ้านเฝ้ากระชังกลางทะเลจำนวนมาก มีการเลี้ยงหอยแครงในทะเล,แดดจัด ไม่มีฝน เมฆบางส่วน,ทะเลเรียบ,น้ำลง,3.3,1 และ 2.3,2,,,เขียวเข้ม,,28.4,7.05,33,20.5,5.2,16.5,150,125,96,220,76,47,,,,,0.5,,9.17,,
เพชรบุรี,ปากคลองบ้านแหลม ตอนเหนือ,Pbbl5.1,500,47P,608355,1462004,13/07/2023,6.3,เสื่อมโทรม,27,บริเวณรอบๆชายฝั่งเป็นแนวป่าชายเลน ร้านอาหารเก่า ท่าเทียบเรือประมง  ชุมชนตามแนวชายฝั่ง มีเรือประมงแล่นผ่าน  และมีการเก็บหอย,แดดจัด ไม่มีฝน เมฆบางส่วน,ทะเลเรียบ,น้ำลง,1.1,0.55,0.5,,,เขียวเทา,,30.5,7.6,19.9,11.5,4.5,98.7,189,227,199,24000,3500,1500,< 1.00,,,,1.1,1.09,6.03,,
เพชรบุรี,ปากคลองบ้านแหลม ตอนกลาง,Pbbl5.2,500,47P,608082,1462320,13/07/2023,7,เสื่อมโทรม,31,มีประภาคาร ศาลกลางทะเล  เรือประมงแล่นเข้าออกจากฝั่ง และชุมชน บ้านเรือนริมชายฝั่ง,แดดจัด ไม่มีฝน เมฆบางส่วน,ทะเลเรียบ,น้ำลง,1,0.5,0.7,,,เขียวเทา,,31.5,7.09,19.5,11.6,4.17,56,194,243,173,3300,1400,800,< 1.00,,,,0.7,0.94,4.71,,0.58
เพชรบุรี,ปากคลองบ้านแหลม ตอนใต้,Pbbl5.3,500,47P,608033,1462616,13/07/2023,7.3,เสื่อมโทรม,31,บริเวณรอบๆชายฝั่งเป็นแนวป่าชายเลน ประภาคาร,แดดจัด ไม่มีฝน เมฆบางส่วน,ทะเลเรียบ,น้ำลง,1,0.5,0.8,,,เขียวเทา,,31.8,7.27,20,12,4.25,31.8,192,260,142,7900,1000,800,< 1.00,,,,< 0.500,0.58,5.83,,
เพชรบุรี,หาดเจ้าสำราญ,Pbcs0,10,47P,616212,1437926,14/07/2023,7,พอใช้,69,แนวหินกันคลื่นริมชายหาด มีร้านค้าบริการอาหาร มีเรือประมงจอด,แดดจัด ไม่มีฝน เมฆบางส่วน,ทะเลเรียบ,น้ำลง,0.4,0.2,0.2,,,เขียวอ่อน,,29.3,7.17,49.7,32.3,6.87,158,21.4,197,23.9,4.5,< 1,38,,,,,0.7,0.93,4.5,,0.95
เพชรบุรี,หาดปึกเตียน,Pbpt0,10,47P,612082,1431252,14/07/2023,8,พอใช้,69, มีแนวกันคลื่น มีร้านอาหารริมหาด ที่พัก รีสอร์ทริมหาด  มีรูปปั้นกลางทะเล,แดดจัด ไม่มีฝน เมฆบางส่วน,คลื่นน้อย,น้ำลง,0.5,0.25,0.2,,,เขียวขุ่น,,30.3,7.07,32.2,22.4,6.69,145,18.2,198,22,< 1.8,1,46,< 1.00,,< 1.00,,1,1.97,5.52,,
เพชรบุรี,หาดชะอำ ตอนเหนือ,Pblb0,10,47P,606824,1414666,15/07/2023,6.3,พอใช้,79,บริเวณชายหาดมีนักท่องเที่ยวเล่นน้ำและนั่งริมชายหาด และโรงแรมตลอดแนวชายฝั่ง,ไม่มีแดด ไม่มีฝน เมฆปานกลาง,คลื่นน้อย,น้ำลง,0.5,0.25,0.2,,,เขียวขุ่น,,30.8,7,50.8,32.4,5.94,55.4,22.3,143,5.6,2,8,24,,,,,< 0.500,,2.67,,
เพชรบุรี,หาดชะอำ ตอนกลาง ระยะ 500 เมตร,Pbca5,500,47P,607705,1414185,17/07/2023,6.3,พอใช้,76,มีร้านค้า ร้านอาหาร ที่พัก โรงแรม ตลอดแนวชายฝั่ง ,ไม่มีแดด ไม่มีฝน เมฆมาก,คลื่นน้อย,น้ำลง,4.5,1 และ 3.5,1.5,,,เขียว,,25.3,7.03,52.3,34.6,7.07,26.9,13.7,187,24.4,240,13,80,,,,,< 0.500,0.71,3.21,,
เพชรบุรี,หาดชะอำ ตอนกลาง ระยะ 10 เมตร,Pbca0,10,47P,606703,1414290,15/07/2023,7,พอใช้,68,พบนักท่องเที่ยวบริเวณชายฝั่ง มีที่นั่งริมชายหาด มีนักท่องเที่ยวเล่นน้ำ มีร้านค้า ร้านอาหาร ที่พัก โรงแรม ตลอดแนวชายฝั่ง ,ไม่มีแดด ไม่มีฝน เมฆปานกลาง,คลื่นน้อย,น้ำลง,0.4,0.2,0.2,,,เขียวขุ่น,,30,6.82,50.6,33.1,5.79,90.1,33.8,181,91,2,8,28,< 1.00,,< 1.00,,0.8,1.35,4.67,,
ประจวบคีรีขันธ์,พระราชวังไกลกังวล,Pckk0,10,47P,603756,1391442,15/07/2023,7.4,พอใช้,77,เป็นที่พักอาศัย โรงแรม ,แดดไม่จัด ไม่มีฝน เมฆมาก,คลื่นน้อย,น้ำลง,0.4,0.2,0.2,,,น้ำตาลอ่อน,,32.1,6.75,50.5,33.2,6.29,42.5,28.2,184,11.4,5.6,5,42,,,,,< 0.500,,2.68,,
ประจวบคีรีขันธ์,สะพานปลาหัวหิน,Pcfp1,100,47P,604385,1390407,15/07/2023,8,พอใช้,64,สะพานปลามีร้านค้า พบคนหาปลาอยู่บนสะพานปลา  เรือประมงเล็กริมหาด เขตชุมชนชายฝั่ง บ้านเรือน ที่พัก โรงแรม ร้านค้า ร้านอาหารบริเวณชายฝั่ง พบท่อระบายนำทิ้งลงทะเล,แดดไม่จัด ไม่มีฝน เมฆปานกลาง,ทะเลเรียบ,น้ำลง,2,1,0.8,,,ใส,,32.6,6.71,49.3,32.6,6.02,10.4,9.54,345,2.2,1300,56,70,,,,,< 0.500,,3.68,,
ประจวบคีรีขันธ์,หาดหัวหิน ตอนกลาง,Pcst0,10,47P,604593,1389723,15/07/2023,8.3,ดี,82,พบนักท่องเที่ยวเล่นน้ำและบริเวณชายหาด บริเวณชายหาดมีหินจำนวนมาก มีม้าบริการนักท่องเที่ยวขี่เล่นริมหาด มีร้านค้า ร้านอาหาร และมีโรงแรมที่พัก พบขยะบริเวณชายหาด,แดดไม่จัด ไม่มีฝน เมฆปานกลาง,คลื่นน้อย,น้ำลง,0.5,0.25,0.3,,,เขียวอ่อน,,32.8,6.74,50.2,32.9,5.8,32.1,15.6,109,2.7,130,8,27,,,,,< 0.500,0.54,4.3,,
ประจวบคีรีขันธ์,หาดหัวหิน ซอย 63,Pcsl0,10,47P,604912,1387215,15/07/2023,9,ดี,81, มีโรงแรม รีสอร์ท ที่พักตลอดแนวชายหาด มีร้านอาหารบริเวณชายฝั่ง มีเรือประมงจอด,แดดไม่จัด ไม่มีฝน เมฆมาก,คลื่นน้อย,น้ำลง,0.5,0.25,0.25,,,ใส ขุ่นเล็กน้อย,,35.5,6.63,49.4,32.3,5.93,16.3,9.25,173,2.6,4.5,2,2,,,,,< 0.500,,3.21,,
ประจวบคีรีขันธ์,หาดหัวหิน ตอนใต้,Pckt0,10,47P,606266,1384107,15/07/2023,9.3,พอใช้,80,บริเวณรอบๆ มีวัดเขาตะเกียบ โรงแรม รีสอร์ท ร้านอาหาร พบนักท่องเที่ยวเล่นน้ำบริเวณชายหาด ม้าบริการนักท่องเที่ยวขี่เล่นริมหาด มีเรือประมงจอดบริเวณชายฝั่ง,แดดจัด ไม่มีฝน เมฆบางส่วน,คลื่นน้อย,น้ำลง,0.5,0.25,0.4,,,เขียวอ่อนขุ่นเล็กน้อย,,34,6.45,49.3,32.4,6.1,22.7,10.1,206,1.1,< 1.8,< 1,21,,,,,0.6,< 0.500,4.8,,
ประจวบคีรีขันธ์,ปากแม่น้ำปราณบุรี,Pcmp5,500,47P,608319,1372991,17/07/2023,8,พอใช้,65,มีแนวโขดหินทั้ง 2 ข้าง ทำเป็นแนวกันคลื่น มีประภาคาร เรือประมงจำนวนมาก ริ่มฝั่งเป็นชุมชนประมง,ไม่มีแดด ฝนตกเล็กน้อย เมฆมาก,คลื่นน้อย,น้ำลง,5,1 และ 4,0.8,,,ใส ขุ่นเล็กน้อย,,30.1,6.83,48.9,32,5.94,17.3,27.9,321,16.6,1300,68,66,,,,,0.6,,3.04,,0.47
ประจวบคีรีขันธ์,หาดปราณบุรี ,Pces0,10,47P,608638,1369313,17/07/2023,8.45,พอใช้,69,บริเวณด้านบนของชาดหาดมีโรงแรม รีสอร์ท มีที่พักอาศัยตลอดแนวชายฝั่ง ,แดดไม่จัด ไม่มีฝน เมฆมาก,คลื่นน้อย,น้ำลง,1,0.5,0.3,,,เขียวขุ่นเล็กน้อย,,30.1,6.69,49.7,32.6,6.39,126,20.4,192,6,< 1.8,< 1,38,< 1.00,,,,0.7,1.14,4,,
ประจวบคีรีขันธ์,อุทยานท้าวโกษา เขากะโหลก,Pckl0,10,47P,608613,1364371,17/07/2023,8.3,พอใช้,75, มีที่พัก รีสอร์ทตลอดแนวชายหาด,แดดไม่จัด ไม่มีฝน เมฆมาก,คลื่นน้อย,น้ำลง,0.5,0.25,0.4,,,น้ำตาลอ่อน,,28.5,6.81,51.7,33.9,6.61,90.6,14,164,1.6,< 1.8,< 1,27,< 1.00,,,,0.6,2.1,3.75,,
ประจวบคีรีขันธ์,หาดสามพระยา,Pcsr0,10,47P,607112,1343430,18/07/2023,8.3,พอใช้,57,มีร้านอาหาร อาคารของอุทยาน มีศาลานั่งพักริมหาด มีพื้นที่ไว้สำหรับกางเตนท์บริเวณชายหาด,แดดจัด ไม่มีฝน ไม่มีเมฆ,คลื่นน้อย,น้ำลง,0.4,0.2,0.2,,,เทาขุ่น,,28.7,6.84,49.1,32,5.53,112,63.1,361,123,< 1.8,5,48,,,,,0.6,0.91,3.44,,0.83
ประจวบคีรีขันธ์,หาดบ้านบ่อนอก,Pcbn1,100,47P,594195,1326235,17/07/2023,10.3,เสื่อมโทรม,50,มีบ้านเรือน เป็นพื้นที่สวน และพื้นที่ธรรมชาติ,ฟ้าครึ้ม ฝนตกเล็กน้อย ไม่มีเมฆ,คลื่นน้อย,น้ำลง,2.6,1.3,1,,,น้ำตาลอ่อน,,29.4,6.78,46.2,30,6.48,315,58.3,406,35.1,11,8,82,1.64,< 0.500,1.29,,1.5,3.96,7.32,,
ประจวบคีรีขันธ์,อ่าวประจวบฯ ตอนเหนือ,Pcapn0,10,47P,590433,1308686,20/07/2023,9.2,พอใช้,68,มีเรือประมงจอดเป็นจำนวนมาก มีอาคารศูนย์บริการนักท่องเที่ยว สำนักงานวนอุทยานเขาตาม่องล่าย และที่พัก ,แดดไม่จัด ไม่มีฝน เมฆมาก,คลื่นน้อย,น้ำลง,0.4,0.2,0.1,,,เทาขุ่น,,29.7,6.97,42.6,27.3,6.24,106,33.7,188,39.6,240,56,230,,,,,0.8,1.24,3.25,,0.5
ประจวบคีรีขันธ์,ปากคลองบางนางรม ,Pckb0,10,47P,587132,1306690,20/07/2023,8.3,พอใช้,69,พบพืชทะเลและต้นสนบริเวณชายหาด มีเรือประมง บริเวณชายฝั่งมีร้านค้า ร้านอาหาร ที่พักอาศัย โรงแรม,ไม่มีแดด ไม่มีฝน เมฆมาก,ทะเลเรียบ,น้ำลง,0.4,0.2,0.3,,,เขียวขุ่นเล็กน้อย,,28.6,7.03,49.4,32.5,5.88,20.1,55.8,212,45.3,490,180,86,,,,,1.1,0.82,4.63,,
ประจวบคีรีขันธ์,อ่าวประจวบฯ ตอนกลาง,Pcapm1,100,47P,587251,1305461,20/07/2023,7.3,พอใช้,80,บริเวณรอบๆ เป็นสะพานปลา เขตชุมชนเมือง โรงแรม ที่พัก ร้านอาหาร สถานที่ราชการ สวนสาธารณะ,แดดไม่จัด ไม่มีฝน เมฆปานกลาง,ทะเลเรียบ,น้ำลง,0.6,0.3,0.6,,,ใส,,29.5,6.95,51.5,34,5.75,19.7,23.6,177,22,7.8,7,56,,,,,< 0.500,< 0.500,6.59,,
ประจวบคีรีขันธ์,อ่าวประจวบฯ ตอนใต้,Pcaps0,10,47P,587439,1304204,20/07/2023,7,พอใช้,72,พบท่อระบายนำทิ้งลงทะเล ฝั่งตรงข้ามหาดเป็นชุมชนเมือง มีบ้านเรือน โรงแรม ร้านอาหาร ตลอดแนวชายฝั่ง,ฟ้าครึ้ม ไม่มีฝน เมฆมาก,ทะเลเรียบ,น้ำลง,0.6,0.3,0.25,,,ใส ขุ่นเล็กน้อย,,27.6,6.83,50.2,32.8,5.78,35.2,22.9,270,2.7,490,34,20,,,,,1.2,< 0.500,2.65,,0.52
ประจวบคีรีขันธ์,อ่าวมะนาว กองบิน 53,Pcam0,10,47P,586669,1301095,19/07/2023,11.3,ดี,83,มีทุ่นบอกระยะในทะเล เป็นเขตพื้นที่ทหาร มีต้นสนริมชายหาด ฝั่งตรงข้ามหาดมีร้านค้า ปั้มน้ำมัน มีสวนสัตว์,แดดไม่จัด ไม่มีฝน เมฆมาก,ทะเลเรียบ,น้ำลง,0.4,0.2,0.2,,,ใส ขุ่นเล็กน้อย,,28.3,7.2,51.3,33.7,6.68,22.6,8.22,128,3,< 1.8,< 1,4,,,,,< 0.500,,2.35,,
ประจวบคีรีขันธ์,ปากคลองวาฬ,Pckw1,100,47P,586173,1298206,18/07/2023,11.3,เสื่อมโทรมมาก,0,บริเวณรอบๆ มีแนวโขดหินกั้นแนวคลื่น มีสะพานปลา บนชายฝั่งเป็นที่พักอาศัยของชุมชน มีร้านค้า ร้านอาหาร,ไม่มีแดด ไม่มีฝน เมฆมาก,คลื่นน้อย,น้ำลง,1.2,0.6,0.3,,,เทาขุ่น,,28.5,6.9,32.2,32.4,6.28,947,45.5,276,67.2,490,86,48,2.26,< 0.500,3.55,,3.6,12,16.5,,1.15
ประจวบคีรีขันธ์,หาดวนกร ,Pcwk0,10,47P,575214,1284098,18/07/2023,10.3,ดี,87,รีสอร์ทที่พัก ชุมชนชายฝั่ง พืชทะเลริมชายหาด มีขยะบริเวณชายหาด,ไม่มีแดด ฝนตกเล็กน้อย เมฆมาก,คลื่นปานกลาง,น้ำลง,0.4,0.2,0.4,,,ใส,,29.2,6.97,50.8,33.4,6.32,4.9,9.1,80,2.9,3.7,5,13,,,,,< 0.500,,2.49,< 0.010,
ประจวบคีรีขันธ์,หาดบ้านทุ่งประดู่,Pctp1,100,47P,570112,1273841,19/07/2023,10.3,ดี,84,มีแนวกันคลื่น มีบ้านเรือน ชุมชนตั้งตลอดแนวริมหาด ,ฟ้าครึ้ม ฝนตกเล็กน้อย เมฆมาก,คลื่นน้อย,น้ำลง,4.4,1 และ 3.4,2,,,ใส,,26.4,7.17,51.4,32.7,6.69,10.7,25.7,124,23.9,27,5900,33,,,,,< 0.500,,2.81,< 0.010,
ประจวบคีรีขันธ์,หาดบ้านหินกรูด,Pchk0,10,47P,561092,1253103,19/07/2023,9.3,ดี,84,รีสอร์ทที่พักตลอดแนวชายฝั่ง พบนักท่องเที่ยวเดินชายหาด,ฟ้าครึ้ม ฝนตกเล็กน้อย เมฆมาก,คลื่นน้อย,น้ำลง,0.5,0.25,0.5,,,ใส,,27.6,7.05,50.8,33.3,5.9,9.7,18.6,140,15.2,< 1.8,1,2,,,,,< 0.500,,2.43,,
ประจวบคีรีขันธ์,หาดสมบูรณ์ ,Pcsb0,10,47P,558240,1238612,19/07/2023,8.45,พอใช้,52,พบขยะบริเวณชายหาด เป็นเขตชุมชนชายฝั่ง มีบ้านเรือน ที่พักอาศัยชุมชนตลอดแนวชายหาด  ,ฟ้าครึ้ม ฝนตกเล็กน้อย เมฆมาก,ทะเลเรียบ,น้ำลง,0.5,0.25,0.1,,,"น้ำตาลอ่อน
ขุ่นเล็กน้อย",,28,6.97,55.5,22.4,6.8,334,48.8,141,117,490,5800,500,1.02,,< 1.00,,1.2,4.2,3.81,,
ประจวบคีรีขันธ์,ปากคลองบ้านบางสะพาน,Pcbs1,100,47P,554182,1226183,19/07/2023,8,พอใช้,65,บริเวณรอบ ๆ เป็นท่าเรือรับนักท่องเที่ยวโดยสารจำนวนหลายลำ มีแนวหินกันคลื่นตรงปากคลอง มีประภาคาร รอบ ๆ มีร้านค้า ร้านอาหาร จุดบริการนักท่องเที่ยว และมีหมู่เกาะกลางทะเล พบขยะบริเวณชายหาด มีเรือดูดทรายบริเวณปากคลอง,ฟ้าครึ้ม ไม่มีฝน เมฆมาก,ทะเลเรียบ,น้ำลง,4,1 และ 3,0.5,,,"น้ำตาลอ่อน
ขุ่นเล็กน้อย",,23.4,6.28,48.3,32,5.41,60.6,34.1,128,160,330,5700,410,< 1.00,,,,0.7,0.8,9.59,,
ชุมพร,อ่าวบางสน,Cpnt1,100,47P,536145,1180268,21/06/2023,8.45,ดี,89,เรือประมงขนาดกลางเล็ก หาปลาตักแมงกะพรุนอยู่กลางทะเลหลายลำ บริเวณชายฝั่งมองเห็นแนวต้นสน มีหาดทรายยาว มีบ้านเรือนประชาชนอยู่แนวชายฝั่ง มีแมงกะพรุนจำนวนมากในทะเล มีร่องน้ำไว้พักเรือห่างจากจุดประมาณ 1 กม. มีไม้ปักหลักทำเป็นบ้านปลาในทะเล,แดดจัด ไม่มีฝน มีเมฆบางส่วน,คลื่นน้อย,น้ำลง,1,0.5,1,,,เขียว,,29.5,8.1,46.3,27.3,6.67,2.1,17.9,98,6.3,< 1.8,< 1,1,,,,,< 0.500,,5.39,,0.59
ชุมพร,อ่าวสะพลี,Cpsp0,10,47P,530759,1170403,21/06/2023,10,ดี,88,มีสะพานท่าเรือยื่นลงในทะเล มีร้านกาแฟบนท่าเรือ บริเวณชายฝั่งเป็นชุมชนขนาดกลาง มีแนวต้นมะพร้าว ต้นสน มีลักษณะเป็นหาดทรายยาว มีชาวประมงหาปลาอยู่ในทะเล 9  10 คน มีเรือประมงขนาดกลางจอดเทียบท่าชายฝั่ง 6  7 ลำ มีแพลงก์ตอนในน้ำจำนวนมาก,แดดจัด ไม่มีฝน มีเมฆปานกลาง,ทะเลเรียบ,น้ำลง,0.3,0.15,0.3,,,เขียว,,31.5,8.11,46.6,26.5,6.28,9.8,25.1,117,9.4,2,2,10,,,,,< 0.500,,4.3,,0.48
ชุมพร,หาดทุ่งวัวแล่น,Cptl0,10,47P,530064,1168280,21/06/2023,10.3,ดี,89,มีลักษณะเป็นหาดทรายยาว มีร้านค้า ร้านอาหาร รีสอร์ท ที่พักเป็นแนวยาว มีภูเขาอยู่ใกล้จุดเก็บ มีเชือกกั้นเขตเล่นน้ำ,แดดจัด ไม่มีฝน มีเมฆบางส่วน,คลื่นน้อย,น้ำลง,0.5,0.25,0.5,,,เขียว,,29.7,8.09,46.01,27,4.98,4.8,19,109,2.3,< 1.8,2,< 1,,,,,,,8.66,,0.6
ชุมพร,ปากแม่น้ำชุมพร,CpMc5,500,47P,527926,1154817,20/06/2023,9.1,ดี,82,มีภูเขาสูง มีโขดหินอยู่ใกล้จุดเก็บ บริเวณชายฝั่งเป็นชุมชนขนาดกลาง มองเห็นเรือประมงลอยลำอยู่กลางทะเล มีแนวกั้นคลื่นอยู่บริเวณชายฝั่ง,แดดจัด ไม่มีฝน มีเมฆบางส่วน,คลื่นน้อย,น้ำลง,2.6,"1, 1.6",1.2,,,เขียว,,29,7.81,45.54,26.95,4.63,8.3,23.5,193,10,2,1,3,,,,,< 0.500,0.81,9.63,,0.4
ชุมพร,หาดภราดรภาพ,Cppd0,10,47P,528793,1152917,20/06/2023,9.4,ดี,86,มีเรือประมงจอดลอยลำในทะเลหลายลำ  บริเวณชายฝั่งมีรีสอร์ท โรงแรม ที่พัก ร้านค้า ร้านอาหาร บริเวณชายหาดมีขยะบ้างเล็กน้อย มีหาเดินหาหอยอยู่บริเวณริมหาด มีแพลงก์ตอนขนาดเล็กลอยอยู่ในน้ำ,แดดจัด ไม่มีฝน มีเมฆบางส่วน,คลื่นน้อย,น้ำลง,0.3,0.15,0.3,,,เขียว,,30.2,7.59,46.2,26.8,4.94,20.6,17,98,1.8,110,24,20,,,,,< 0.500,< 0.500,7.88,,0.33
ชุมพร,หาดทรายรี,Cpsr0,10,47P,530629,1149437,22/06/2023,8.45,ดี,87,มีการขุดเจาะบริเวณชายฝั่ง สร้างเขื่อนกั้นน้ำ มีเรือประมงจอดเทียบชายหาด ลอยลำอยู่ในทะเล มีคนเดินเก็บขยะริมหาด 1015 คน มีแพลงก์ตอนบ้านเล็กน้อยปะปนอยู่ในน้ำทะเล มีรีสอร์ท ร้านค้า ร้านอาหาร บริเวณชายหาด อยาใกล้ศาลกรมหลวงชุมพร,แดดจัด ไม่มีฝน มีเมฆบางส่วน,ทะเลเรียบ,น้ำลง,0.5,0.25,0.5,,,ฟ้า,,29.1,7.12,45.9,27.3,4.38,3.5,12.8,111,2.2,79,20,20,,,,,< 0.500,,5.63,,0.58
ชุมพร,ปากคลองสวี,Cpbk0,10,47P,522100,1135562,22/06/2023,11,ดี,84,มีโขดหินกระจายหน้าหาด มีเรือประมงจอดเทียบท่า มีบ้านปลาปักเป็นแนวไม้ในทะเลห่างจากฝั่งประมาณ 100 เมตร มีตลาด(ไม่เปิดทำการ) อยู่ใกล้จุดเก็บ มีโต๊ะอาหารวางตั้งบนชายหาด มีชาวบ้านหาปลาอยู่ริมฝั่ง มองเห็นภูเขาสูง มีขยะพลาสติกบนชายหาด มีห้องน้ำสาธารณะห่างจากฝั่ง 50 เมตร,แดดจัด ไม่มีฝน มีเมฆบางส่วน,ทะเลเรียบ,น้ำลง,1.2,0.6,1,,,เขียวเข้ม,,30.1,7.96,46.9,27.3,4.84,12.8,26.9,182,29.8,< 1.8,2,5,,,,,< 0.500,< 0.500,5.65,,0.5
ชุมพร,ปากแม่น้ำหลังสวน,CpMl5,500,47P,519243,1100341,23/06/2023,9,พอใช้,75,บริเวณชายฝั่งเป็นชุมชนขนาดใหญ่ มีแนวร่องน้ำยื่นลงสู่ทะเล (สร้างเป็นกำแพงปูน 2 ด้าน) มีเรือประมงแล่นเข้าสู่ฝั่ง มีเรือประมงจอดลอยลำอยู่ในทะเล มีแพลงก์ตอนปนอยู่ในน้ำทะเลบ้างเล็กน้อย,แดดจัด ไม่มีฝน มีเมฆบางส่วน,คลื่นน้อย,น้ำลง,2,1,2,,,เขียว,,30.2,8.23,42.87,24,5.7,4.8,14.8,142,6.4,1100,500,170,,,,,< 0.500,,3.59,,0.43
สุราษฎร์ธานี,หาดสำเร็จ,Srsr0,10,47P,522863,1059887,19/06/2023,9.3,พอใช้,62,มีชาวประมกำลังลงหาหอยขาว มีป่าโกงกางอยู่ใกล้บริเวณจุดเก็บ มีลักษณะเป็นหาดดินโคลน มีร่องน้ำก่อเป็นแนวหินยื่นลงสู่ทะเล,แดดไม่จัด ไม่มีฝน มีเมฆมาก,คลื่นน้อย,น้ำลง,0.5,0.25,0.3,,,น้ำตาล,,29.9,7.68,34.45,19.5,4.15,167,25.4,355,31.6,130,70,190,1.06,,< 1.00,,1.5,3.6,12.3,,
สุราษฎร์ธานี,ปากคลองพุมเรียง,Srpr1,100,47P,529596,1035701,19/06/2023,8.45,พอใช้,71,มีแนวสันทรายยื่นลงทะเล มีป่าโกงกางอยู่ฝั่งขวาขาออก มีเรือประมงขนาดเล็กจอดลอยลำในทะเล มีแท่นประภาคารบอกแนวร่องน้ำ มีเรือประมงขนาดเล็กแล่นผ่านลำ,แดดไม่จัด ไม่มีฝน มีเมฆมาก,คลื่นน้อย,น้ำลง,3.1,"1, 2.1",1,,,น้ำตาล,,28.3,6.74,38.97,22.65,4.04,19.3,30.4,263,15.6,790,240,130,,,,,1.1,0.95,11.4,,0.71
สุราษฎร์ธานี,ปากคลองท่าเคย ระยะ 500 เมตร,Srtk5,500,47P,525458,1023715,18/07/2023,10,เสื่อมโทรม,43,บริเวณชายฝั่งเป็นชุมชนขนาดเล็ก มีชาวประมงจอดเรือประมงขนาดเล็กวางอวนหาปลา มีลอบดักปลาตั้งอยู่ในทะเลบ้างเล็กน้อย มองเห็นฟาร์มหอย คอกหอยจำนวนมากกระจายในทะเล,ฟ้าครึ้ม ฝนตกเล็กน้อย มีเมฆมาก,คลื่นน้อย,น้ำลง,0.9,0.45,0.3,ขยะชิ้นเล็กๆ,,น้ำตาล,,27.6,7.1,27.5,16.1,5.85,69.2,77.8,116,88.9,7000,3100,5600,< 1.00,,,,1,1.7,7.5,,0.83
สุราษฎร์ธานี,ปากคลองท่าเคย ระยะ 100 เมตร,Sroy1,100,47P,525811,1023806,18/07/2023,9.3,พอใช้,53,บริเวณชายฝั่งเป็นชุมชนขนาดเล็ก มีชาวประมงจอดเรือประมงขนาดเล็กวางอวนหาปลา มีลอบดักปลาตั้งอยู่ในทะเลบ้างเล็กน้อย มองเห็นฟาร์มหอย คอกหอยจำนวนมากกระจายในทะเล มีเรือประมงแล่นผ่าน,ฟ้าครึ้ม ไม่มีฝน มีเมฆมาก,คลื่นน้อย,น้ำลง,0.9,0.45,0.3,,,น้ำตาล,,27.4,7.05,26.48,15.5,4.82,94.5,40.2,130,26,4900,2000,5100,< 1.00,,,,0.9,2.4,7.71,,
สุราษฎร์ธานี,ปากแม่น้ำตาปี ,Srmt5,500,47P,542675,1017499,29/06/2023,10.15,พอใช้,60,ทั้ง 2 ฝั่งเป็นป่าโกงกาง มีโรงงานหินแร่ ขนส่งสินค้าบริเวณชายฝั่ง บริเวณชายฝั่งเป็นชุมชนขนาดใหญ่ มีทุ่นบอกร่องน้ำ มีเรือขนส่งแร่จอดเทียบท่าจำนวนมาก มีเรือประมงแล่นผ่าน,แดดจัด ไม่มีฝน มีเมฆปานกลาง,คลื่นน้อย,น้ำลง,2.4,"1, 1.4",1.4,,,น้ำตาล,,31.05,7.41,29.33,16.09,5.56,15.2,30.2,140,31,4900,4000,150,,,,,0.7,,4.11,,0.53
สุราษฎร์ธานี,คลองกะแดะ ตอนเหนือ,Srkd5.1,500,47P,552910,1019308,27/07/2023,10,พอใช้,64,บริเวณชายฝั่งเป็นชุมชนขนาดใหญ่ มีป่าโกงกางเป็นแนวยาว มีคอกหอยตั้งเป็นแนวยาวกระจายทั่วทะเล มีบ้านขนำสร้างขึ้นกลางทะเล มีเรือประมงแล่นผ่าน,แดดไม่จัด ไม่มีฝน มีเมฆปานกลาง,คลื่นน้อย,น้ำลง,0.7,0.35,0.3,,,น้ำตาล,,27.2,7.36,24.07,13.9,4.18,106,48.5,88,188,130,24,30,< 1.00,,,,1.1,1.59,6.9,,0.94
สุราษฎร์ธานี,คลองกะแดะ ตอนใต้,Srkd5.3,500,47P,552053,1020064,27/07/2023,9.3,พอใช้,61,บริเวณชายฝั่งเป็นชุมชนขนาดใหญ่ มีป่าโกงกางเป็นแนวยาว มีคอกหอยตั้งเป็นแนวยาวกระจายทั่วทะเล มีบ้านขนำสร้างขึ้นกลางทะเล มีเรือประมงจอดลอยลำในทะเล,แดดไม่จัด ไม่มีฝน มีเมฆปานกลาง,คลื่นน้อย,น้ำลง,0.8,0.4,0.4,,,น้ำตาล,,27.2,7.68,22.76,12.4,4.75,73.1,42.8,196,49,1700,390,220,1.6,,1.11,,1.5,2.37,9.87,,
สุราษฎร์ธานี,ปากคลองดอนสัก,Srds5,500,47P,574261,1030656,19/07/2023,8.3,ดี,82,บริเวณชายฝั่งเป็นชุมชนขนาดใหญ่มีเรือประมงจอดเทียบท่า มองเห็นภูเขาสูงมีวัดสุวรรณประดิษฐ์ตั้งอยู่ด้านบนภูเขา มีหอประภาคารบอกร่องน้ำ,ไม่มีแดด ไม่มีฝน มีเมฆมาก,คลื่นน้อย,น้ำลง,1.6,0.8,0.5,,,เขียว,,27.6,7.45,36.01,21.5,4.66,34.3,17.3,111,15,240,310,200,,,,,0.5,< 0.500,6.55,,0.46
สุราษฎร์ธานี,ท่าเรือเฟอรี่ซีทราน ดอนสัก,Srfd1,100,47P,580589,1029956,19/07/2023,9.2,เสื่อมโทรม,36,อยู่ใกล้ท่าเรือซีทรานเฟอร์รี่ มีลักษณะเป็นหาดหินแนวยาว มีต้นโกงกางเป็นแนวยาว มีบ้านเรือนบริเวณชายฝั่ง มีเรือประมงเรือหางยาวจอดเทียบท่า ,ฟ้าครึ้ม ไม่มีฝน มีเมฆมาก,คลื่นน้อย,น้ำลง,0.4,0.18,0.1,,,น้ำตาล,,26.8,7.73,38.67,23.6,5.83,198,84.4,232,222,790,1200,41,2.28,,1.12,,1.3,4.11,9.08,,0.28
สุราษฎร์ธานี,ท่าเรือเฟอรี่ซีทราน เกาะสมุย,Srps1,100,47P,602321,1054287,20/07/2023,8.1,พอใช้,63,มีการก่อสร้างบริเวณท่าเรือ(ก่อสร้างท่าเรือใหม่) มีรถจอดบนสะพานขึ้นเรือไปเกาะ มีสะพานยื่นออกมาจากชายหาดสำหรับขึ้นไปเกาะต่างๆ มีนักท่องเที่ยวรอขึ้นเรือจำนวนมาก บริเวณชายฝั่งเป็นชุมชนขนาดใหญ่,แดดไม่จัด ไม่มีฝน มีเมฆปานกลาง,คลื่นปานกลาง,น้ำลง,1.7,0.85,0.9,,,เขียว,,27.5,7.33,43.34,26.4,6.39,38.7,5.73,97,23.2,3300,280,110,,,,,0.6,< 0.500,10.8,,1.07
สุราษฎร์ธานี,หาดแม่น้ำ เกาะสมุย,Srmn0,10,47P,608688,1058791,21/07/2023,8.1,พอใช้,64,บริเวณชายฝั่งเป็นชุมชนขนาดใหญ่ มีร้านค้า ร้านอาหาร ที่พัก มีนักท่องเที่ยวเดินเล่นบริเวณชายหาด มีการก่อสร้างบริเวณชายหาด ,ไม่มีแดด ไม่มีฝน มีเมฆมาก,ทะเลเรียบ,น้ำลง,0.7,0.35,0.7,,,ฟ้าอ่อน,,28.1,7.42,43.93,26.5,6.12,16.6,7.78,98,1.8,13000,160,27,,,,,0.7,< 0.500,6.39,,0.39
สุราษฎร์ธานี,หาดเฉวง เกาะสมุย,Srcc0,10,47P,616244,1052687,21/07/2023,8.5,ดี,89,มีนักท่องเที่ยวนอนอาบแดด วิ่งออกกำลังกาย ลงเล่นน้ำจำนวนมาก มีห่วงยางตั้งให้เช่าขาย บริเวณชายฝั่งมีเก้าอี้ชายหาด มีร้านค้า ร้านอาหาร ที่พัก ชายหาดเป็นหาดทราย มีหินภูเขาไฟปะปนบ้างเล็กน้อย,แดดจัด ไม่มีฝน มีเมฆมาก,คลื่นน้อย,น้ำลง,0.5,0.28,0.45,,,เขียว,,28.3,7.94,44.65,26.9,6.05,2.1,4.7,120,1.7,14,2,2,,,,,< 0.500,0.52,5.34,,
สุราษฎร์ธานี,หาดเฉวงน้อย เกาะสมุย,Srcn0,10,47P,615921,1050552,21/07/2023,9.2,ดี,90,บริเณชายฝั่ง มีร้านค้า ร้านอาหารที่พัก มีนักท่องเที่ยวนอนอาบแดด งเล่นน้ำ มีเวณหาดมีหินกระจายอยู่บริเวณริมหาด มีต้นมะพร้าว กระจายเป็นแนวยาวริมหาด,แดดไม่จัด ไม่มีฝน มีเมฆปานกลาง,คลื่นน้อย,น้ำลง,0.4,0.2,0.4,,,เขียว,,28.3,7.92,42.57,25.5,6.37,6,11.3,94,16.8,4,3,8,,,,,< 0.500,0.51,5.22,,1.65
สุราษฎร์ธานี,หาดละไม ระยะ 10 เมตร เกาะสมุย,Srlm0,10,47P,614688,1045909,20/07/2023,9.3,ดี,89,บริเวณชายหาดมีร้านค้า ร้านอาหาร ที่พัก มีนักท่องเที่ยวลงเล่นน้ำ อาบแดด ขี่เจสกี บริเวณหาดมีต้นมะพร้าว ต้นหูกวาง มีเก้าอี้ชายหาด มีภูเขาสูง มองเห็นบ้านรีสอร์ทอยู่บนภูเขา,แดดจัด ไม่มีฝน มีเมฆปานกลาง,คลื่นปานกลาง,น้ำลง,2.1,1.1,2.1,,,ฟ้า,,28.5,8,44.66,26.7,6.07,6.4,3.67,97,2.4,4.5,1,2,,,,,1.1,,6.57,,
สุราษฎร์ธานี,หาดละไม ระยะ 500 เมตร เกาะสมุย,Srlm5,500,47P,615274,1045889,20/07/2023,9.1,ดี,89,บริเวณชายหาดมีร้านค้า ร้านอาหาร รีสอร์ท ที่พัก มีนักท่องเที่ยวลงเล่นน้ำหลายคน บางคนนอนอาบแดด ขี่เจสกี มีเก้าอี้ชายหาด มองเห็นภูเขาสูง บริเวณชายหาดมีต้นมะพร้าว มีต้นไม้ชายหาดอื่นๆ,แดดไม่จัด ไม่มีฝน มีเมฆปานกลาง,คลื่นจัด,น้ำลง,6.4,"1, 3.2, 5.4",2.2,,,ฟ้า,,28.93,7.94,44.92,26.73,6.02,3.9,7.49,115,4.7,< 1.8,250,3,,,,,1.1,< 0.500,7.13,< 0.010,0.32
สุราษฎร์ธานี,บ้านหัวถนน เกาะสมุย,Srht0,10,47P,612514,1043896,20/07/2023,10.3,ดี,85,บริเวณชายหาดมีแนวหินกระจาย มีร้านค้า ร้านอาหาร รีสอร์ทที่พักบริเวณชายหาด อยู่ใกล้ศาลเทพเจ้ากวนอู มีหญ้าทะลกระจายบนหาดโคลน พื้นที่มีลักษณะเป็นดินโคลน มีหญ้าทะลกระจายในน้ำริมหาด,แดดจัด ไม่มีฝน มีเมฆปานกลาง,คลื่นน้อย,น้ำลง,0.3,0.15,0.3,,,เขียว,,30.14,7.3,45.02,26.1,6.35,2.5,12.6,103,14.2,330,2,24,,,,,0.5,,7.87,,
สุราษฎร์ธานี,ท่าเรือเฟอร์รี่ราชา เกาะสมุย,Srfs1,100,47P,601809,1048018,21/07/2023,10.1,ดี,88,มีเรือเฟอร์รี่จอดเทียบท่า มีนักท่องเที่ยวรอขึ้นเรือบริเวณท่าเทียบเรือ มองเห็นรีสอร์ทห่างออกไปไม่ไกลประมาณ 300 500 เมตร มีซากเรืออับปางบริเวณชายหาด,แดดไม่จัด ไม่มีฝน มีเมฆมาก,คลื่นน้อย,น้ำลง,2.5,"1, 1.5",1.5,,,เขียว,,28.75,7.91,44.83,26.75,6.02,7.4,5.29,121,2.2,47,68,21,,,,,1,< 0.500,9.2,,0.53
สุราษฎร์ธานี,ท่าเรือเฟอรี่ เกาะพะงัน,Srfp1,100,47P,607727,1073631,24/07/2023,10.45,ดี,89,มีท่าเรือยื่นลงมาในทะเล บริเวณชายฝั่งเป็นชุมชนขนาดใหญ่ มองเห็นเกาะเล็กๆตั้งอยู่ข้างหน้า มีอาคารรอเรือสำหรับนักท่องเที่ยว มีเรือขนส่งสินค้าท่าเรือนอนจอดเทียบท่า ,แดดไม่จัด ไม่มีฝน มีเมฆบางส่วน,คลื่นปานกลาง,น้ำลง,4.8,"1, 3.8",3,,,ฟ้าคราม,,28.6,7.55,44.13,26.35,6.11,3,2.64,105,2.6,1.8,6,31,,,,,< 0.500,< 0.500,6.52,,0.7
สุราษฎร์ธานี,หาดโฉลกหลำ เกาะพะงัน,Srpp1,100,47P,610279,1082179,25/07/2023,9.1,ดี,85,บริเวณชายหาดเป็นหาดทรายยาว มีเรือประมงลอยลำอยู่ในทะเล มองเห็นภูเขาสูงทั้ง 2 ฝั่ง มองเห็นแนวต้นสน มีเรือประมงจอดเทียบท่าชายหาด,ไม่มีแดด ฝนตกเล็กน้อย มีเมฆมาก,คลื่นปานกลาง,น้ำลง,2.3,"1, 1.3",2.3,,,ฟ้า,,28.15,7.58,43.59,26,6.22,1.7,5.87,108,1.6,240,26,210,,,,,0.6,< 0.500,15.4,,7.43
สุราษฎร์ธานี,อ่าวท้องนายปาน เกาะพะงัน,Srat0,10,47P,616232,1080192,24/07/2023,11.4,ดี,89,มีแพลงก์ตอนอยู่ในน้ำทะเล มีนักท่องเที่ยวลงเล่นน้ำ นอนอาบแดด วิ่งออกกำลังกายจำนวนมาก มีร้านค้า ร้านอาหาร รีสอร์ทที่พักบริเวณชายหาด,แดดจัด ไม่มีฝน มีเมฆบางส่วน,คลื่นน้อย,น้ำลง,0.5,0.28,0.45,,,ฟ้า,,29.7,7.88,45.4,26.6,6.1,3.8,24.3,97,2.7,< 1.8,< 1,6,,,,,< 0.500,,5.82,,
สุราษฎร์ธานี,หาดริ้น ระยะ 10 เมตร เกาะพะงัน,Srhr0,10,47P,617244,1069819,25/07/2023,11,ดี,89,บริเวณชายหาดเป็นร้านค้า รีสอร์ท ที่พัก เป็นชุมชนขนาดใหญ่ มีเรือประมงเรือหางยาวจอดเทียบท่า บริเวณชายฝั่งเป็นหาดทรายยาว มีแนวหินกระจายในทะเล มีภูเขาสูงทั้ง 2 ฝั่ง,ฟ้าครึ้ม ฝนตกเล็กน้อย มีเมฆมาก,คลื่นน้อย,น้ำลง,0.4,0.2,0.4,,,ฟ้า,,27.5,8.26,43.47,26.5,6.18,3.2,1.32,100,1.4,< 1.8,1,4,,,,,1.6,,7,,0.62
สุราษฎร์ธานี,หาดริ้น ระยะ 500 เมตร เกาะพะงัน,Srhr5,500,47P,617746,1069928,25/07/2023,10.1,ดี,89,บริเวณชายหาดเป็นร้านค้า รีสอร์ท ที่พัก เป็นชุมชนขนาดใหญ่ มีเรือประมงเรือหางยาวจอดเทียบท่า บริเวณชายฝั่งเป็นหาดทรายยาว  มีภูเขาสูงทั้ง 2 ฝั่ง,ฟ้าครึ้ม ฝนตกเล็กน้อย มีเมฆมาก,คลื่นปานกลาง,น้ำลง,14.4,"1, 7.2, 13.4",6.8,,,ฟ้า,,27.03,8.22,42.75,26.33,6.35,3.1,1.62,106,20,< 1.8,< 1,1,,,,,1.3,0.62,15.6,,
สุราษฎร์ธานี,เกาะม้า ตอนใต้,Srkm1,100,47P,607160,1083343,26/07/2023,9,ดี,89,บริเวณชายฝั่ง มีร้านค้า ร้านอาหาร รีสอร์ท โรงแรมที่พัก มีภูเขาสูงอยู่ใก้ลจุดเก็บ มีหาดทรายยาวเป็นแนวยาวเชื่อมเกาะพะงันเกาะม้า มีเรือประมงจอดเทียบท่า มีทุ่นสำหรับให้นักดำน้ำพักลอยอยู่ในทะเล,ฟ้าครึ้ม ไม่มีฝน มีเมฆมาก,คลื่นจัด,น้ำลง,13,"1, 6.5, 12",6.3,,,ฟ้า,,28.43,8.07,43.59,26.07,6.23,2.5,3.23,125,3.6,< 1.8,6,108,,,,,0.6,< 0.500,10.5,,0.5
สุราษฎร์ธานี,เกาะม้า ตอนเหนือ,Srkm1.1,100,47P,607291,1083917,26/07/2023,8.2,ดี,89,บริเวณชายฝั่ง มีร้านค้า ร้านอาหาร รีสอร์ท โรงแรมที่พัก มีภูเขาสูงอยู่ใก้ลจุดเก็บ มีหาดทรายยาวเป็นแนวยาวเชื่อมเกาะพะงันเกาะม้า มีเรือประมงจอดเทียบท่า ,ฟ้าครึ้ม ฝนตกเล็กน้อย มีเมฆมาก,คลื่นจัด,น้ำลง,27,"1, 10, 20, 26",6,,,ฟ้า,,28.38,8.18,43.64,26.18,6.1,2.6,1.62,108,9.5,< 1.8,< 1,20,,,,,0.5,< 0.500,9.49,,0.42
นครศรีธรรมราช,โรงไฟฟ้าขนอม ,Nkkp1,100,47P,595250,1021297,26/06/2023,10,ดี,86,บริวเณฝั่งขาออกเป็นชุมชนขนาดใหญ่ มีเรือประมงจอดเทียบท่าจำนวนมาก มีภูเขาใก้ลจุดเก็บ มีซากเรืออับปางอยู่บริเวณฝั่งใกล้ภูเขา ผ่านโรงไฟฟ้าขนอม มีเรือขยส่งน้ำมันและแก๊สจอดเทียบท่าโรงไฟฟ้า มีเรือประมงแล่นผ่านจุดเก็บ ห่างจากจุดเก็บเล็กน้อยมีทุ่นบอกร่องน้ำลอยอยู่กลางทะเล,แดดจัด ไม่มีฝน มีเมฆบางส่วน,คลื่นปานกลาง,น้ำลง,3.1,"1, 2.1",1.4,,,เขียว,,30.75,7.9,45.71,26.2,5.17,3.1,8.37,121,1.9,240,40,35,,,,,< 0.500,,4.02,,0.57
นครศรีธรรมราช,หาดในเพลา ,Nknp0,10,47P,596493,1009855,26/06/2023,11.1,ดี,85,มีการก่อสร้างที่พักบริเวณชายหาด มีลักษณะเป็นหาดหิน มีขยะริมทะเลบ้างเล็กน้อย มีรีสอร์ท ร้านค้า ร้านอาหาร มีเรือประมงจอดเทียบชายหาด,แดดจัด ไม่มีฝน มีเมฆบางส่วน,คลื่นน้อย,น้ำลง,0.3,0.15,0.3,,,เขียว,,32.6,8.27,48.36,26.7,5.97,25.8,4.55,144,1.5,< 1.8,< 1,13,< 1.00,,,,0.6,,5.47,,0.99
นครศรีธรรมราช,หาดหินงาม ,Nkhg0,10,47P,601339,995992,25/06/2023,10.3,ดี,89,มีร้านค้า ร้านอาหาร รีสอร์ท ที่พัก มีนักท่องเที่ยวลงเล่นเครื่องเล่นทางน้ำ เจสกี บานาน่าโบ้ท เป็นหาดทรายแนวยาว มีต้นหูกวางเป็นแนวยาว มีเก้าอี้ชายหาด โต๊ะตั้งบริเวณชายหาด,แดดจัด ไม่มีฝน มีเมฆบางส่วน,คลื่นน้อย,น้ำลง,0.5,0.25,0.5,,,เขียว,,31.6,8.18,47.67,27.1,4.36,2.1,4.11,111,3.9,< 1.8,< 1,1,,,,,< 0.500,,3.5,,
นครศรีธรรมราช,ปากคลองท่าสูง ,Nkts5,500,47P,605335,957680,28/06/2023,8.5,พอใช้,65,บริเวณชายฝั่งเป็นชุมชนขนาดใหญ่ มีเรือประมงจอดเทียบท่าหลายลำ มองเห็นหาดทรายเป็นแนวยาว มีแนวป่าสน มีกำแพงสร้างกั้นเป็นร่องน้ำสำหรับเดินเรือประมง มีเรือบรรทุกแร่ สินค้าจอดลอยลำกลางทะเล มีเรือประมงแล่นผ่าน,แดดจัด ไม่มีฝน มีเมฆบางส่วน,คลื่นปานกลาง,น้ำลง,2.8,"1, 1.8",1.1,,,เขียว,,30.5,7.84,45.24,26.15,4.64,5.5,15.3,106,0.8,35000,20000,320,,,,,< 0.500,< 0.500,4.79,,0.82
นครศรีธรรมราช,ปากแม่น้ำปากพนัง,Nkmp5,500,47P,627966,927697,27/02/2023,8.5,ดี,85,มีแพปลาขนาดใหญ่ใกล้จุดเก็บ มีป่าโกงกางทั้ง 2 ฝั่ง มีเรือประมงขนาดใหญ่จอดเทียบท่าแพปลาหลายลำ มีบ้านเรือนประชาชนอยู่บริเวณป่าโกงกาง(ขนำ),แดดไม่จัด ไม่มีฝน มีเมฆมาก,ทะเลเรียบ,น้ำลง,3.1,"1, 2.1",1.2,,,เขียว,,29.7,8.09,41.03,23.7,4.91,20,47.4,129,1.9,< 1.8,1,2,< 1.00,,< 1.00,,0.8,< 0.500,4.4,,0.63
นครศรีธรรมราช,บ้านปากคลอง ,Nkpk1,100,47P,646079,886716,27/06/2023,10.3,ดี,84,มีจอกแหน ผักตบชวา ลอยเต็มร่องน้ำและกำลังลอยออกนอกทะเล(เนื่องจากมีการเปิดประตูระบายน้ำ) มีเรือประมงจอดเทียบท่าจำนวนมาก มีเขื่อนกั้นร่องน้ำเดินเรือเป็นแนวยาวยื่นลงในทะเล มองเห็นสวนสาธารณะริมหาด บริเวณริมหาดมีการก่อหินสร้างกำแพงกั้นคลื่นบริเวณชายหาด,แดดจัด ไม่มีฝน เมฆปานกลาง,คลื่นน้อย,น้ำลง,3,"1, 2 ",1.1,จอกแหน ผักตบชวา (พืชน้ำ),,น้ำตาล,,31.1,8.1,47.1,26.9,4.8,20.3,11.3,207,1.2,27,18,52,< 1.00,,,,1.1,< 0.500,4.6,,0.66
สงขลา,ประตูระบายน้ำปากระวะ,Sobr0,10,47P,647270,877046,13/07/2023,9:15,พอใช้,69,มีประตูระบายน้ำ มีการขุดทราย มีโรงเรียนและชุมชนริมฝั่ง มีเรือประมงริมฝั่ง,แดดจัด ไม่มีฝน เมฆบางส่วน,ทะเลเรียบ,น้ำลง,0.5,0.3,0.3,,,เขียวอ่อน,,30.3,7.86,47.6,31.2,5.32,28.2,28.8,341,26.5,790,180,78,,,,,< 0.500,< 0.500,3.74,,1.09
สงขลา,หาดมหาราช,Somr0,10,47P,659578,826420,13/07/2023,11:10,ดี,86,เป็นสถานที่ท่องเที่ยว มีคนลงเล่นน้ำ,แดดไม่จัด ไม่มีฝน เมฆปานกลาง,คลื่นน้อย,น้ำลง,0.9,0.5,0.5,,,สีเขียวอ่อน,,32.2,7.97,47.4,31.3,7.14,2,6.75,205,9.2,< 1.8,< 1,2,,,,,,,2.6,,0.52
สงขลา,ปากทะเลสาบสงขลา,Soms5,500,47P,674728,799940,7/12/2023,8:15,ดี,87,มีคราบน้ำระบายออกจากเรือขนาดใหญ่มีลักษณะเป็นฝ้าสีน้ำตาล มีเรือขนส่งสินค้าจอดหลบลมด้านหลังเกาะหนู มีการสัญจรทางเรือ ท่าเทียบเรือน้ำลึก,แดดไม่จัด ไม่มีฝน เมฆบางส่วน,คลื่นเล็กน้อย,น้ำลง,8,"1,4,7",3,มี,,ฟ้า,,30.3,8.08,47.4,31.1,7.34,4.6,1.76,154,17,9.3,9,7,,,,,< 0.500,,2.85,< 0.010,0.54
สงขลา,หาดสมิหลา,Sosm0,10,47P,675633,797750,7/12/2023,10:40,ดี,88,เป็นสถานที่ท่องเที่ยว มีร้านอาหารริมฝั่ง ,แดดจัด ไม่มีฝน เมฆบางส่วน,ทะเลเรียบ,น้ำลง,1.2,0.6,1.2,,,ฟ้า,,31.3,8.03,47.2,30.9,6.92,1.8,4.48,158,8.1,< 1.8,< 1,< 1,,,,,< 0.500,,2.49,,0.59
สงขลา,หาดเทพา,Sotp1,100,47P,717284,760901,14/07/2023,10:20,ดี,81,มีชุมชนและท่าเรือริมฝั่ง มีการดูดทราย ทำประมงพื้นบ้าน มีการเลี้ยงปลาในกระชัง,แดดจัด ไม่มีฝน เมฆมาก,คลื่นปานกลาง,น้ำลง,3.5,"1,2.5",1.5,,,เขียวอ่อน,,31.7,8.03,36.6,23.4,7.13,6.6,4.11,117,9.4,700,34,28,,,,,< 0.500,,3.11,,0.55
ระนอง,หาดชาญดำริ,Rnmr1,100,47P,455015,1101626,8/7/2023,8,พอใช้,55,มีเม็ดใสๆ สีเขียว คล้ายไข่แมงกะพรุน/ตัวแมงกะพรุนแขวนลอยในน้ำ,แดดไม่จัด ไม่มีฝน เมฆบางส่วน,ทะเลเรียบ,น้ำลง,1.2,0.6,0.5,,,เขียว,,29.4,7.92,39.4,25.4,5.95,14.6,16.9,220,89.3,4900,470,280,,,,,0.6,,3.37,,0.65
ระนอง,สถานีตำรวจน้ำระนอง,Rnkrn1,100,47P,453882,1097955,8/7/2023,7.15,พอใช้,52,มีเม็ดใสๆ สีเขียว คล้ายไข่แมงกะพรุน/ตัวแมงกะพรุนแขวนลอยในน้ำ,แดดไม่จัด ไม่มีฝน เมฆบางส่วน,ทะเลเรียบ,น้ำลง,3,"1,2",1,,,เขียว,,29.4,7.64,35.4,22.4,4.9,11.6,20.6,386,77.3,4600,2700,2700,,,,,< 0.500,0.59,3.87,,
ระนอง,หาดบางเบน,Rnbb0,10,47P,441193,1061827,7/7/2023,7,ดี,86,มีเศษกิ่งไม้อยู่ริมหาด,ไม่มีแดด ไม่มีฝน เมฆบางส่วน,ทะเลเรียบ,น้ำลง,0.6,0.3,0,,,เขียวขุ่น,,29,8.23,44.9,29.3,6.42,,4.41,172,1.4,4.5,5,8,,,,,< 0.500,< 0.500,3.45,,0.94
ระนอง,หาดประพาส  ,Rnpp0,10,47P,433651,1035608,7/7/2023,5.4,พอใช้,77,,ไม่มีแดด ไม่มีฝน เมฆบางส่วน,ทะเลเรียบ,น้ำลง,0.8,0.4,0,,,เขียวขุ่น,,29.5,8.22,46.1,30.2,6.31,87,3.23,116,4.7,2,2,16,< 1.00,,< 1.00,,< 0.500,0.8,3.45,,0.6
พังงา,หาดปากเกาะ เกาะคอเขา,Pgkk0,10,47P,419590,981746,4/7/2023,14,พอใช้,76,มีเศษกิ่งไม้ ใบไม้ริมหาด,แดดจัด ไม่มีฝน เมฆบางส่วน,ทะเลเรียบ,น้ำลง,1,0.5,0,,,น้ำตาลขุ่น,,31,8.15,45.5,29.7,6.2,80.4,4.55,123,17.2,490,15,106,< 1.00,,< 1.00,,0.6,1.38,4.66,,
พังงา,คลองบ้านน้ำเค็ม,Pgnk1,100,47P,419962,980158,4/7/2023,15,พอใช้,74,,แดดจัด ไม่มีฝน เมฆบางส่วน,ทะเลเรียบ,น้ำลง,6,"1,3,5",2,,,เขียว,,30.1,8.21,44.6,29.1,5.97,58.7,2.06,150,11.5,490,100,180,< 1.00,,,,0.8,1.13,2.99,,0.87
พังงา,หาดบางสัก,Pgbs0,10,47P,418789,971111,6/7/2023,5.3,ดี,81,,ไม่มีแดด ไม่มีฝน เมฆบางส่วน,ทะเลเรียบ,น้ำลง,0.5,0.25,0.5,,,ใส,,29.6,8.3,46,30.1,6.42,24.8,3.08,144,9.9,49,14,30,,,,,< 0.500,,3.38,,0.22
พังงา,หาดคึกคัก,Pgbkk0,10,47P,416406,960347,6/7/2023,5,พอใช้,79,,ไม่มีแดด ไม่มีฝน เมฆบางส่วน,ทะเลเรียบ,น้ำลง,0.5,0.25,0.5,,,เขียว,,28.7,8.25,40,25.7,6.54,42.3,3.08,139,24,41,180,106,,,,,< 0.500,< 0.500,2.53,,
พังงา,หาดบางเนียง,Pgbn0,10,47P,416959,957619,6/7/2023,4.3,พอใช้,72,,ไม่มีแดด ไม่มีฝน เมฆบางส่วน,ทะเลเรียบ,น้ำลง,1,0.5,0.5,,,เขียว,,29.6,8.18,43.1,28,6.41,18,3.23,70,3.5,1300,250,54,,,,,< 0.500,,4.45,,0.37
พังงา,หาดเขาหลัก,Pgkb0,10,47P,416221,952316,5/7/2023,15,ดี,83,มีขยะ กิ่งไม้ ใบไม้ริมชายหาด,แดดจัด ไม่มีฝน เมฆบางส่วน,ทะเลเรียบ,น้ำลง,1.5,0.75,1.75,,,ใส,,31,8.32,45.7,29.8,6.2,10.9,3.82,151,6.4,1.8,6,18,,,,,< 0.500,,3.12,,
พังงา,ท่าเรือบ้านทับละมุ,Pgtl1,100,47P,414661,947071,5/7/2023,14.3,พอใช้,73,มีเรือท่องเที่ยวจอดบริเวณจุดเก็บประมาณ 510 ลำ,แดดจัด ไม่มีฝน เมฆบางส่วน,ทะเลเรียบ,น้ำลง,2,1,0.5,,เล็กน้อย,เขียวขุ่น,,30.8,8.19,47.7,31.3,5.79,25.7,2.28,160,16.9,790,900,550,,,,,0.6,< 0.500,4.07,,1.17
พังงา,หาดท้ายเหมือง,Pgtm0,10,47P,417135,928609,3/7/2023,15,ดี,85,,แดดจัด ไม่มีฝน เมฆบางส่วน,ทะเลเรียบ,น้ำลง,0.5,0.25,0.5,,,ใส,,30.4,8.13,49.1,32.4,6.2,11.1,3.67,137,8.3,6.8,6,23,,,,,0.7,,5.09,,0.62
พังงา,หาดนาใต้,Pgkp5,500,47P,420092,914497,3/7/2023,14,ดี,84,มีชาวบ้านมาตกปลาบริเวณจุดเก็บตัวอย่าง,แดดจัด ไม่มีฝน เมฆบางส่วน,ทะเลเรียบ,น้ำลง,6,"1,3,5",1,,,ใส,,30.4,8.28,49.7,32.7,6.26,8.6,2.79,167,1.1,11,2,9,,,,,0.6,,13.7,,0.68
ภูเก็ต,หาดไม้ขาว,Pkmk0,10,47P,422915,898474,20/06/2023,13.3,ดี,87,,แดดจัด ไม่มีฝน เมฆบางส่วน,ทะเลเรียบ,น้ำลง,1,0.5,1,,,ใส,,31.4,8.24,49.5,32.5,7.3,8.4,2.79,78,5.8,< 1.8,< 1,1,,,,,< 0.500,,4.11,< 0.010,0.49
ภูเก็ต,หาดในยาง,Pkny0,10,47P,422128,893865,20/06/2023,14.15,ดี,87,มีนักท่องเที่ยวเล่นน้ำ พบสาหร่ายตายในน้ำ,แดดจัด ไม่มีฝน เมฆบางส่วน,ทะเลเรียบ,น้ำลง,1.2,0.6,1.2,,,ใส,,32.2,8.16,49.2,32.5,7.21,3.5,2.94,110,7.3,2,1,< 1,,,,,< 0.500,< 0.500,5.38,< 0.010,0.39
ภูเก็ต,หาดบางเทา,Pkbt0,10,47P,422016,882964,19/06/2023,14,พอใช้,61,มีนักท่องเที่ยวลงเล่นน้ำริมชายหาด มีการเล่นกระดานโต้คลื่น มีเศษขยะริมหาด บริเวณจุดเก็บมีน้ำทิ้งจากระบบบำบัดน้ำเสียรวมชุมชนหาดบางเทาระบายลงหาดบางเทา,แดดไม่จัด ไม่มีฝน เมฆบางส่วน,คลื่นน้อย,น้ำลง,0.6,0.3,0.3,,,เขียวอ่อน,,30.7,8.29,48.6,32,7.4,8.3,3.2,186,6.2,3300,450,120,,,,,< 0.500,0.69,5.15,,0.47
ภูเก็ต,หาดสุรินทร์ ,Pksr0,10,47P,420442,881682,19/06/2023,14.3,ดี,85,มีนักท่องเที่ยวเล่นน้ำริมชายหาด,แดดไม่จัด ไม่มีฝน เมฆบางส่วน,คลื่นน้อย,น้ำลง,1,0.5,1,,,ใส,,30.6,8.28,49.7,32.6,7.37,3.2,4.26,121,1.8,33,2,3,,,,,< 0.500,0.8,8.71,,
ภูเก็ต,หาดกมลา,Pkkm0,10,47P,420916,879311,19/06/2023,15,พอใช้,79,มีนักท่องเที่ยวลงเล่นน้ำริมชายหาด มีให้บริการขี่ม้าริมหาด 2 ตัว,แดดไม่จัด ไม่มีฝน เมฆบางส่วน,คลื่นน้อย,น้ำลง,1,0.5,1,,,ใส,,30.4,8.27,49.3,32.5,7.39,9.8,4.55,130,7.5,490,66,32,,,,,< 0.500,< 0.500,4.62,< 0.010,0.42
ภูเก็ต,หาดป่าตอง ตอนเหนือ,Pkby0,10,47P,422478,873918,22/06/2023,7,พอใช้,80,มีขยะริมหาด มีชาวบ้านมาหาปลาบริเวณจุดเก็บ,ไม่มีแดด ไม่มีฝน เมฆบางส่วน,ทะเลเรียบ,น้ำลง,0.8,0.4,0.8,,,ใส,,29.5,8.23,49.8,32.8,6.13,12.1,6.9,131,77.7,4.5,27,13,,,,,< 0.500,< 0.500,3.4,,
ภูเก็ต,หาดป่าตอง ตอนกลาง ระยะ 10 เมตร,Pkph0,10,47P,422377,873185,22/06/2023,6.15,ดี,85,มีขยะริมหาด,ไม่มีแดด ไม่มีฝน เมฆบางส่วน,ทะเลเรียบ,น้ำลง,0.6,0.3,0.6,,,ใส,,29.4,8.19,49.8,32.8,6.14,14.8,6.02,116,14,11,9,9,,,,,< 0.500,< 0.500,10.2,< 0.010,0.45
ภูเก็ต,หาดป่าตอง ตอนใต้,Pkml0,10,47P,421812,871957,22/06/2023,5.45,เสื่อมโทรม,26,มีขยะริมหาดเล็กน้อย น้ำมีลักษณะสีเหลืองอ่อน คาดว่าน่าจะมีน้ำผิวดินจากคลองปากบางเข้ามาเติม,ไม่มีแดด ไม่มีฝน เมฆบางส่วน,ทะเลเรียบ,น้ำลง,0.6,0.3,0.6,,,เหลืองอ่อน,,28.9,7.93,36.4,23.1,4.44,6,492,3635,231,">160,000",180000,12000,,,,,1.1,0.65,6.75,,
ภูเก็ต,หาดป่าตอง ตอนกลาง ระยะ 500 เมตร,Pkpb5,500,47P,422479,873919,22/06/2023,5.15,พอใช้,60,,ไม่มีแดด ไม่มีฝน เมฆบางส่วน,ทะเลเรียบ,น้ำลง,4,"1,3",1,,,ใส,,30,8.31,49,32.4,7.52,3.3,18.9,263,46.6,2400,480,42,,,,,< 0.500,,5.93,,0.57
ภูเก็ต,หาดกะรน ตอนเหนือ,Pkgs0,10,47P,421953,867790,10/7/2023,10,พอใช้,70,มีนักท่องเที่ยวเดินเล่นริมหาดและลงเล่นน้ำประมาณ 30 คน มีขยะริมหาด,แดดไม่จัด ไม่มีฝน เมฆมาก,คลื่นน้อย,น้ำลง,0.5,0.25,0.5,,,แดง,,29,8.34,47.2,30.9,6.41,4.8,3.52,131,15.6,1700,1300,1200,,,,,< 0.500,,1.83,,0.91
ภูเก็ต,หาดกะรน ตอนใต้,Pkak0,10,47P,422162,866567,10/7/2023,9.3,ดี,84,มีนักท่องเที่ยวเดินเล่นริมหาดและลงเล่นน้ำประมาณ 30 คน มีขยะริมหาด,ไม่มีแดด ไม่มีฝน เมฆมาก,คลื่นน้อย,น้ำลง,0.5,0.25,0.5,,,ใส,,29.1,8.34,48.8,32.1,6.33,1.4,2.06,121,2.7,130,48,64,,,,,< 0.500,,3.17,,
ภูเก็ต,หาดกะตะ,Pkky0,10,47P,422660,864250,10/7/2023,9.1,พอใช้,65,มีนักท่องเที่ยวเดินเล่นริมหาดและลงเล่นน้ำประมาณ 30 คน,ไม่มีแดด ไม่มีฝน เมฆมาก,คลื่นน้อย,น้ำลง,1.4,0.7,1.4,,,ใส,,29,8.34,48.8,32.1,6.4,1,1.17,156,16.8,2400,600,150,,,,,< 0.500,,2.16,,0.59
ภูเก็ต,หาดกะตะน้อย ,Pkkn0,10,47P,422687,863037,10/7/2023,8.45,พอใช้,69,มีนักท่องเที่ยวลงเล่นน้ำ 5 คน มีขยะริมหาด,ไม่มีแดด ฝนตกเล็กน้อย เมฆมาก,คลื่นน้อย,น้ำลง,1.2,0.6,1.2,,,ใส,,28.9,8.28,48.8,32.1,6.38,1,7.49,117,23.4,1700,500,390,,,,,< 0.500,,2.31,,
ภูเก็ต,หาดในหาน,Pknh0,10,47P,423407,859640,23/06/2023,6,ดี,88,มีนักท่องเที่ยวเดินเล่นริมหาด,ไม่มีแดด ไม่มีฝน เมฆบางส่วน,ทะเลเรียบ,น้ำลง,0.6,0.3,0.6,,,ใส,,29.3,8.28,50,33,6.19,1.2,3.23,113,8.1,< 1.8,1,1,,,,,< 0.500,,5.62,,
ภูเก็ต,หาดราไวย์ ,Pkrw0,10,47P,425092,859061,23/06/2023,6.3,พอใช้,53,มีเรือหางยาวและเรือสปีดโบ๊ทจอดริมชายหาดประมาณ 3040 ลำ,แดดไม่จัด ไม่มีฝน ไม่มีเมฆ,ทะเลเรียบ,น้ำลง,0.4,0.2,0.4,,,เขียวอ่อน,,28.9,8.11,49.5,32.6,4.74,< 1.0,41.7,443,15.3,160000,1500,260,,,,,0.5,,3.23,,
ภูเก็ต,ท่าเทียบเรือหาดราไวย์ ,Pkrw1,100,47P,425887,859385,23/06/2023,7,ดี,88,มีชาวบ้านกำลังกู้ตาข่ายดักปลาใกล้บริเวณจุดเก็บตัวอย่าง,แดดไม่จัด ไม่มีฝน เมฆบางส่วน,ทะเลเรียบ,น้ำลง,0.8,0.4,0.8,,,ใส,,29.3,8.21,49.9,32.9,5.69,1.8,2.2,81,6.7,79,19,25,,,1.03,,< 0.500,,5.26,,0.37
ภูเก็ต,อ่าวฉลอง ,Pkol1,100,47P,428254,864439,23/06/2023,7.3,พอใช้,75,มีเรือสปีดโบ๊ทและเรือท่องเที่ยวจอดบริเวณจุดเก็บประมาณ 510 ลำ,แดดไม่จัด ไม่มีฝน ไม่มีเมฆ,ทะเลเรียบ,น้ำลง,0.7,0.35,0.3,,,เขียวอ่อน,,30,8.22,49.8,32.8,5.69,16.2,4.55,213,4.5,490,190,80,,,,,0.6,0.59,3.53,,0.41
ภูเก็ต,อ่าวมะขาม,Pkmk5,500,47P,435453,865741,21/06/2023,5.15,ดี,86,มีเรือท่องเที่ยวจอดอยู่บริเวณจุดเก็บ 1 ลำ,ไม่มีแดด ไม่มีฝน เมฆบางส่วน,ทะเลเรียบ,น้ำลง,8,"1,4,7",3,,,ใส,,30.8,8.27,49.8,32.8,7.34,4.7,3.67,120,2.6,7.8,< 1,2,,,,,0.6,< 0.500,6.97,< 0.010,0.52
ภูเก็ต,ปากคลองท่าจีน ,Pktc5,500,47P,435637,868995,21/06/2023,5.45,พอใช้,80,มีคราบไขมันสีขาวลอยบนผิวน้ำ,ไม่มีแดด ไม่มีฝน เมฆบางส่วน,ทะเลเรียบ,น้ำลง,5,"1,2.5,4",2,,คราบไขมันสีขาว,ใส,,30.2,8.25,49.3,32.4,7.32,6.3,14.1,280,6,14,21,45,,,,,< 0.500,0.79,4.88,,1.17
ภูเก็ต,อ่าวบางโรง,Pkbr5,500,47P,437170,887822,20/06/2023,15.3,ดี,82,มีใบไม้ กิ่งไม้ลอยบนผิวน้ำ,แดดไม่จัด ไม่มีฝน เมฆบางส่วน,ทะเลเรียบ,น้ำลง,2,1,0.6,,,น้ำตาลอ่อน,,30.9,8.09,49.5,32.7,7.12,24.6,5.36,125,7,170,68,36,,,,,0.6,0.79,10.8,,0.43
กระบี่,หาดบิเละ เกาะห้อง,Kbkh0,10,47P,464833,893035,27/06/2023,11,ดี,87,มีนักท่องเที่ยวเล่นน้ำริมหาดประมาณ 5 คน,แดดจัด ไม่มีฝน ไม่มีเมฆ,ทะเลเรียบ,น้ำลง,1.5,0.75,1.5,,,ใส,,30.6,8.23,49.2,32.4,6.15,1.7,11.6,106,22,4,5,11,,,,,< 0.500,,3.08,,0.66
กระบี่,ปากคลองแห้ง,Kbkh1,100,47P,477291,888968,27/06/2023,7.35,ดี,86,มีเรือประมงและเรือท่องเที่ยวแล่นเข้าออก,แดดไม่จัด ไม่มีฝน เมฆบางส่วน,ทะเลเรียบ,น้ำลง,3,"1,2",2,,,ใส,,30.4,8.2,48.9,32.2,5.91,1.9,8.22,121,2.8,< 1.8,< 1,76,,,,,1.04,,1.97,,0.94
กระบี่,หาดนพรัตน์ธารา,Kbnp0,10,47P,478874,889088,29/06/2023,13.3,ดี,87,มีนักท่องเที่ยวลงเล่นน้ำริมหาดประมาณ 20 คน,แดดไม่จัด ไม่มีฝน เมฆปานกลาง,ทะเลเรียบ,น้ำลง,0.5,0.25,0.5,,,เขียว,,32,8.28,49,32.3,6.42,16,1.47,86,3.2,3.6,7,30,,,,,< 0.500,,2.45,,
กระบี่,อ่าวนาง,Kban0,10,47P,480347,887768,29/06/2023,13,ดี,82,มีเรือหางยาวจอดริมหาดประมาณ 13 ลำ มีนักท่องเที่ยวลงเล่นน้ำ,แดดไม่จัด ไม่มีฝน เมฆบางส่วน,ทะเลเรียบ,น้ำลง,1,0.5,0.8,,,เขียวขุ่น,,31.3,8.26,48.8,32.2,6.41,15.1,1.03,121,4.6,240,1,32,,,,,< 0.500,,3.23,,0.73
กระบี่,หาดไร่เลย์,Kbrl0,10,47P,482063,885635,27/06/2023,8,ดี,87,มีเรือท่องเที่ยวจอดริมหาด 4 ลำ,แดดไม่จัด ไม่มีฝน เมฆบางส่วน,ทะเลเรียบ,น้ำลง,1,0.5,1,,,ใส,,30.2,8.17,49.1,32.3,5.84,1.8,6.75,103,1.1,< 1.8,< 1,19,,,,,0.52,,3.98,,0.63
กระบี่,ทะเลแหวก,Kbtw0,10,47P,479082,879782,27/06/2023,9.3,ดี,87,มีนักท่องเที่ยวลงเล่นน้ำและเดินเล่นริมหาด,แดดไม่จัด ไม่มีฝน เมฆปานกลาง,ทะเลเรียบ,น้ำลง,0.6,0.3,0.6,,,ใส,,30,8.27,48.4,31.8,6.19,1.3,8.81,121,5.6,< 1.8,< 1,7,,< 0.500,,,< 0.500,,3.19,,
กระบี่,เกาะปอดะ,Kbpd1,100,47P,478976,881709,27/06/2023,8.3,ดี,86,,แดดไม่จัด ไม่มีฝน เมฆบางส่วน,ทะเลเรียบ,น้ำลง,14,"1,7,13",5,,,ใส,,30.5,8.24,49,32.3,6.06,1.4,7.2,123,1.4,< 1.8,< 1,8,,,,,< 0.500,,2.95,,0.84
กระบี่,เกาะไก่,Kbkk1,100,47P,479110,879126,27/06/2023,9,ดี,88,,แดดไม่จัด ไม่มีฝน เมฆบางส่วน,ทะเลเรียบ,น้ำลง,15,"1,7.5,14",7.5,,,ใส,,30.5,8.23,49,32.3,5.95,1.8,6.61,94.6,1.1,2,< 1,1,,,,,< 0.500,,3.99,,0.89
กระบี่,เกาะยูง,Kbky1,100,47P,475150,864026,28/06/2023,12,ดี,88,,แดดจัด ไม่มีฝน เมฆปานกลาง,ทะเลเรียบ,น้ำลง,2,1,2,,,ใส,,30.4,8.31,49.3,32.5,6.16,1.3,16.6,98.2,4.1,< 1.8,2,5,,,,,< 0.500,,7.71,,0.71
กระบี่,หาดแหลมตง เกาะพีพี ,Kblt0,10,47P,473974,859777,28/06/2023,8.1,ดี,87,มีเรือหางยาวจอดริมหาดประมาณ 2030 ลำ,แดดไม่จัด ไม่มีฝน เมฆปานกลาง,ทะเลเรียบ,น้ำลง,0.4,0.2,0.4,,,ใส,,29.7,8.19,49.3,32.5,5.95,1.2,10.7,119,3.1,< 1.8,4,6,,,,,< 0.500,,2.99,,
กระบี่,หาดโล๊ะบาเกา เกาะพีพี ,Kblb0,10,47P,475025,857894,28/06/2023,7.5,ดี,86,,แดดไม่จัด ไม่มีฝน เมฆปานกลาง,ทะเลเรียบ,น้ำลง,1,0.5,1,,,ใส,,29.4,8.15,49.3,32.4,5.43,1.7,3.38,112,3.3,79,8,2,,,,,< 0.500,,3.05,,0.71
กระบี่,หาดโล๊ะดาลัม ตอนกลาง ระยะ 10 เมตร เกาะพีพี,Kbld0,10,47P,474918,855770,28/06/2023,9,ดี,87,มีเรือหางยาวจอดริมหาด 8 ลำ,แดดไม่จัด ไม่มีฝน เมฆบางส่วน,ทะเลเรียบ,น้ำลง,1,0.5,1,,,ใส,,28.3,8.21,49.1,32.3,5.87,3,8.52,104,1.1,< 1.8,2,14,,,,,0.75,,2.42,,
กระบี่,หาดโล๊ะดาลัม ตอนกลาง ระยะ 500 เมตร เกาะพีพี ,Kbld5,500,47P,474542,856034,28/06/2023,8.45,ดี,87,,แดดไม่จัด ไม่มีฝน เมฆปานกลาง,ทะเลเรียบ,น้ำลง,6,"1,3,5",2,,,ใส,,29.9,8.22,49.2,32.4,5.82,1,12.3,105,1,2,1,4,,,,,< 0.500,,6.28,,0.77
กระบี่,หาดโล๊ะดาลัม ตอนใต้ เกาะพีพี,Kbpk0,10,47P,474488,855542,28/06/2023,9.2,ดี,84,มีเรือหางยาวจอดริมหาด 9 ลำ,แดดไม่จัด ไม่มีฝน เมฆบางส่วน,ทะเลเรียบ,น้ำลง,0.8,0.4,0.8,,,ใส,,29,8.2,49.2,32.4,6.13,4.9,7.64,142,7.6,< 1.8,2,18,,,,,1.6,,5.93,,
กระบี่,หาดต้นไทร ระยะ 10 เมตร เกาะพีพี,Kbts0,10,47P,474611,854788,28/06/2023,11.15,ดี,85,มีเรือหางยาวและเรือสปีดโบ๊ทจอดริมหาดประมาณ 50 ลำ,แดดไม่จัด ไม่มีฝน เมฆบางส่วน,ทะเลเรียบ,น้ำลง,1.2,0.6,1.2,,,ใส,,30.7,8.26,49.2,32.5,5.97,< 1.0,5.43,120,6.5,170,46,68,,,,,1.16,,4.91,,
กระบี่,หาดต้นไทร ระยะ 500 เมตร เกาะพีพี,Kbts5,500,47P,474978,854204,28/06/2023,11,ดี,88,มีเรือสัญจรไปมา,แดดไม่จัด ไม่มีฝน เมฆบางส่วน,ทะเลเรียบ,น้ำลง,12,"1,6,11",6.5,,,ใส,,30.5,8.28,49.5,32.5,5.91,1,7.64,86.4,3.4,4,6,6,,,,,< 0.500,,3.65,,0.91
กระบี่,หาดยาว เกาะพีพี ,Kbyb0,10,47P,476414,854373,28/06/2023,11.3,ดี,89,,แดดจัด ไม่มีฝน เมฆปานกลาง,ทะเลเรียบ,น้ำลง,1.5,0.75,1.5,,,ใส,,30.4,8.3,49,32.3,6.53,4.3,8.96,86.2,1,2,< 1,9,,,,,0.92,,3.8,,
กระบี่,อ่าวมาหยา เกาะพีพี,Kbmy1,100,47P,474141,848717,28/06/2023,9.5,ดี,85,,แดดจัด ไม่มีฝน เมฆบางส่วน,คลื่นปานกลาง,น้ำลง,16,"1,8,15",8,,,ใส,,30.1,8.29,49.3,32.5,6.02,< 1.0,6.02,120,7.8,33,6,8,,,,,< 0.500,,3.21,,0.99
กระบี่,อ่าวโล๊ะซามะ เกาะพีพี,Kblm1,100,47P,474333,848269,28/06/2023,10.15,ดี,86,มีเรือหางยาว เรือสปีดโบ๊ทจอดบริเวณจุดเก็บตัวอย่างประมาณ 10 ลำ มีเศษกิ่งไม้ ใบไม้ลอยบนผิวน้ำ,แดดจัด ไม่มีฝน เมฆบางส่วน,ทะเลเรียบ,น้ำลง,14,"1,7,13",7.5,กิ่งไม้ ใบไม้,,ใส,,30.3,8.28,49.4,32.6,5.87,< 1.0,7.49,127,18.4,17,1,6,,,,,< 0.500,,2.84,,0.86
กระบี่,บ้านศาลาด่าน เกาะลันตา,Kbsd0,10,47P,504255,845660,26/06/2023,8.3,พอใช้,76,มีเศษผงไม้แขวนลอยในน้ำ มีเศษขยะริมหาด,แดดไม่จัด ไม่มีฝน เมฆปานกลาง,ทะเลเรียบ,น้ำลง,0.5,0.25,0.5,,,ใส,,30.7,8.1,48.8,31.9,5.77,2.4,7.64,166,7,490,90,900,,,,,< 0.500,,3.07,,0.82
กระบี่,หาดคลองดาว เกาะลันตา,Kbkd0,10,47P,503205,844164,26/06/2023,7.5,ดี,84,มีชาวบ้านกำลังลากอวนดักปลาบริเวณริมหาด มีขยะบริเวณชายหาดค่อนข้างมาก,แดดไม่จัด ไม่มีฝน เมฆปานกลาง,ทะเลเรียบ,น้ำลง,0.6,0.3,0.6,,,ใส,,30.2,8.14,48.5,31.9,6.12,2.5,1.91,169,4.3,< 1.8,< 1,1,,,,,< 0.500,,4.17,,0.82
กระบี่,บ้านคลองนิน เกาะลันตา,Kbbn0,10,47P,505526,832658,26/06/2023,7.15,ดี,86,มีเศษขยะริมหาด,แดดไม่จัด ไม่มีฝน เมฆปานกลาง,ทะเลเรียบ,น้ำลง,1,0.5,1,,,ใส,,30.4,8.17,48.8,32.1,6.04,2.2,4.55,124,15,2,4,12,,,,,< 0.500,,2.28,,
กระบี่,บ้านศรีรายา เกาะลันตา,Kbsr1,100,47P,510692,832598,26/06/2023,6.45,พอใช้,79,,แดดไม่จัด ไม่มีฝน เมฆบางส่วน,ทะเลเรียบ,น้ำลง,1.7,0.85,1,,,เขียวอ่อน,,29.8,8.21,48.9,32.2,6.04,9.3,1.76,249,6.8,< 1.8,42,42,,,,,0.87,,3.39,,0.57
กระบี่,อ่าวบ่อม่วง ,Kbbm5,500,47P,523830,848400,30/06/2023,13,ดี,83,มีใบไม้ กิ่งไม้ลอยบนผิวน้ำ,แดดไม่จัด ไม่มีฝน เมฆมาก,ทะเลเรียบ,น้ำลง,2.5,1.25,1.6,ใบไม้ กิ่งไม้,,เขียว,,31,8.08,46,30.1,5.79,4.4,10.4,168,8,79,96,26,,,,,< 0.500,,4.05,,0.81
ตรัง,ท่าเรือปากเมง,Tgpm5,500,47P,534025,829470,30/06/2023,15,พอใช้,80,,ไม่มีแดด ฝนตกเล็กน้อย เมฆมาก,ทะเลเรียบ,น้ำลง,4,"1,3",1,,,เขียว,,29.8,7.89,46.4,30.3,5.65,6.3,2.2,177,11.3,210,290,53,,,,,0.86,,7.21,,0.89
ตรัง,หาดเจ้าไหม,Tgcm0,10,47P,538223,820364,1/7/2023,15,พอใช้,71,คืนก่อนวันเก็บตัวอย่างน้ำ (30 มิย 66) มีฝนตกหนักตลอดทั้งคืนจนถึงตอนเที่ยง,ไม่มีแดด ฝนตกเล็กน้อย เมฆมาก,ทะเลเรียบ,น้ำลง,0.6,0.3,0,,,แดง,,27.4,8.21,32,20,6.81,21.1,2.35,116,21.3,1300,340,700,< 1.00,,,,< 0.500,,2.58,,1.04
ตรัง,หาดหยงหลิง,Tgyl0,10,47P,541167,811422,2/7/2023,14.15,พอใช้,78,,แดดจัด ไม่มีฝน เมฆปานกลาง,ทะเลเรียบ,น้ำลง,1,0.5,0,เศษขยะ ถุงพลาสติก,,เทา,,29.6,8.22,44.7,29.1,6.39,62.2,1.47,133,8.2,240,14,82,,,< 1.00,,< 0.500,0.64,4.86,,
ตรัง,หาดยาว,Tghy0,10,47P,543532,807973,2/7/2023,15,พอใช้,58,มีนักท่องเที่ยวลงเล่นน้ำ 5 คน ร้านอาหารริมหาดเปิดให้บริการ 2 ร้าน,แดดจัด ไม่มีฝน เมฆปานกลาง,ทะเลเรียบ,น้ำลง,1,0.5,0,,,เทา,,29.4,8.25,45.1,29.4,6.4,47.9,3.82,160,2.3,92000,28,56,< 1.00,,< 1.00,,< 0.500,< 0.500,5.06,,0.85
ตรัง,หาดสำราญ,Tgsr0,10,47P,559604,798849,1/7/2023,13,พอใช้,53,มีเปลือกหอยจำนวนมากริมหาด คืนก่อนวันเก็บตัวอย่างน้ำ (30 มิย 66) มีฝนตกหนักตลอดทั้งคืนจนถึงตอนเที่ยง,ไม่มีแดด ฝนตกเล็กน้อย เมฆมาก,ทะเลเรียบ,น้ำลง,0.5,0.3,0,,,ดำขุ่น,,28.1,8.17,35.3,22.3,6.75,164,19.4,159,19.6,2400,500,1000,1.98,< 0.500,1.13,,1.16,2.7,7.21,,0.71
สตูล,หาดปากบารา,Stpb5,500,47P,581902,756241,10/7/2023,7:25,ดี,86,มีร้านอาหารริมฝั่ง รีสอร์ทริมน้ำ,ไม่มีแดด ไม่มีฝน เมฆปานกลาง,คลื่นน้อย,น้ำลง,1.6,0.8,1,,,ฟ้า,,28.7,7.98,43.7,28.4,6.81,16.2,1.62,150,18.8,< 1.8,4,3,,,,,< 0.500,,5.03,,0.46
สตูล,ท่าเทียบเรือปากบารา,Stpbb1,100,47P,578602,757069,10/7/2023,7:50,พอใช้,62,ท่าเทียบเรือ รีสอร์ทริมน้ำ มีเรือแล่นผ่านขณะเก็บตัวอย่างน้ำ ,ไม่มีแดด ไม่มีฝน เมฆบางส่วน,คลื่นน้อย,น้ำลง,3,"1,2",1.2,,,เขียวอ่อน,,28.8,7.79,33.7,21.3,6.4,12.1,4.41,125,68.9,3300,320,600,,,,,0.8,0.5,6.65,,0.62
สตูล,หาดบางศิลา,Stpb0,10,47P,587767,753789,11/7/2023,7:30,พอใช้,70,มีแหล่งท่องเที่ยว ชุมชน ทุ่งเลี้ยงสัตว์,แดดไม่จัด ฝนตกเล็กน้อย เมฆมาก,คลื่นปานกลาง,น้ำลง,1,0.5,0.3,,,น้ำตาล,,28.5,7.87,37.8,24.1,7.3,174,5.58,117,4.3,79,180,240,,,,,0.9,1.82,3.36,,0.7
สตูล,บ้านทุ่งริ้น,Sttr1,100,47P,600637,743201,11/7/2023,9:00,ดี,81,มีชุมชนริมฝั่ง ท่าเรือ,แดดไม่จัด ไม่มีฝน เมฆมาก,คลื่นน้อย,น้ำลง,3,"1,2",1,,,เขียว,,29.3,7.37,28.6,17.7,6.72,4.7,5.73,123,65.7,240,44,58,,,,,0.5,< 0.500,3.89,,0.81
